 ,總指數,總指數(不含土石採取業),礦業及土石採取業,製造業,金屬機電工業,資訊電子工業,化學工業,民生工業,電力及燃氣供應業,用水供應業
1982M01,-,11.22,-,10.76,16.18,1.34,19.89,76.97,14.35,33.07
1982M02,-,11.89,-,11.46,17.36,1.57,20.97,80.28,14.9,30.43
1982M03,-,13.37,-,12.86,19.06,1.76,22.98,93,17.04,33.25
1982M04,-,12.93,-,12.41,18.71,1.81,21.92,88.07,16.42,32.28
1982M05,-,13.17,-,12.6,19.3,1.8,23.16,86.18,18.06,35.22
1982M06,-,12.74,-,12.14,17.78,1.78,22.33,84.36,18.24,34.81
1982M07,-,13.1,-,12.47,18.68,1.88,22.85,84.96,19.52,37.2
1982M08,-,12.64,-,11.96,18.27,1.84,21.16,82.62,19.62,37.86
1982M09,-,12.97,-,12.34,18.33,1.81,22.73,85.09,18.91,38.52
1982M10,-,12.71,-,12.09,17.9,1.62,23.49,81.76,18.15,38.42
1982M11,-,12.45,-,11.89,18.2,1.62,22.59,80.15,16.99,37.01
1982M12,-,14.11,-,13.61,20.27,1.88,25.42,94.4,17.2,37.01
1983M01,-,13.62,-,13.11,19.05,1.77,24.89,91.29,17.2,36.87
1983M02,-,10.97,-,10.56,15.85,1.52,20.42,69.66,14,34.32
1983M03,-,14.07,-,13.58,19.8,2.03,25.88,91.24,17.44,36.82
1983M04,-,14.02,-,13.5,20.98,2.12,23.21,94.3,17.88,36.57
1983M05,-,14.61,-,14.02,21.31,2.2,25.96,93.06,19.7,38.65
1983M06,-,14.85,-,14.23,20.97,2.37,26.46,93.41,20.64,38.97
1983M07,-,15.31,-,14.53,21.62,2.5,26.93,94.61,23.32,41.25
1983M08,-,15.39,-,14.68,22.16,2.63,26.29,95.91,22.56,40.7
1983M09,-,14.99,-,14.34,22.32,2.48,26.04,92.3,21.5,40.25
1983M10,-,14.97,-,14.3,22.98,2.36,26.72,89.41,21.24,40.51
1983M11,-,15.04,-,14.51,22.51,2.44,28.06,88.85,18.8,39.6
1983M12,-,15.89,-,15.4,23.7,2.54,28.66,99.12,18.99,38.95
1984M01,-,16.48,-,16.04,22.83,2.55,29.39,110.62,18.76,38.52
1984M02,-,13.09,-,12.67,18.33,2.18,24.66,79.75,16.24,36
1984M03,-,16.51,-,15.99,23.09,2.9,29.25,104.81,20.02,38.3
1984M04,-,15.96,-,15.46,22.8,2.86,28.39,98.86,19.56,37.97
1984M05,-,17.15,-,16.61,23.6,3.15,31.98,102.61,21.09,39.33
1984M06,-,16.6,-,15.98,23.58,3.12,30.15,96.97,22.45,40.52
1984M07,-,17.2,-,16.51,24.2,3.11,30.84,103.42,24.85,42.58
1984M08,-,17.11,-,16.43,24.36,3.19,30.91,100.18,24.03,43.31
1984M09,-,15.66,-,14.99,22.69,2.84,28.05,91.59,22.32,43.44
1984M10,-,15.8,-,15.16,22.83,2.92,27.86,94.01,21.8,43.46
1984M11,-,15.91,-,15.37,23.58,2.9,28.56,94.06,20.41,41.61
1984M12,-,16.77,-,16.27,23.86,2.93,30.65,103.02,20.26,41.49
1985M01,-,17.12,-,16.66,23.98,2.97,31.17,107.49,20.32,40.52
1985M02,-,13.88,-,13.48,19.39,2.51,25.59,84.4,16.87,39.82
1985M03,-,16.79,-,16.26,22.37,3.05,30.54,105.01,21.18,40.5
1985M04,-,16.86,-,16.35,24.09,3.09,29.82,104.12,20.94,40.72
1985M05,-,17.2,-,16.5,24.05,3.04,30.86,104.56,24.02,43.42
1985M06,-,16.54,-,15.89,24.2,2.83,29.89,98.89,23.19,43.88
1985M07,-,17.1,-,16.32,23.92,2.75,31.8,102.67,25.42,46.22
1985M08,-,16.69,-,15.93,23.65,2.67,31.11,99.19,25.15,46.51
1985M09,-,16.09,-,15.38,22.69,2.6,30.23,95.2,23.72,46.4
1985M10,-,16.71,-,16.02,23.32,2.43,32.7,99.99,23.75,47.06
1985M11,-,16.39,-,15.83,22.88,2.45,32.08,99.34,21.39,44.93
1985M12,-,18.21,-,17.69,25.47,2.71,36.13,110.61,22.14,44.87
1986M01,-,18.66,-,18.15,25.67,2.92,35.9,116.51,22.6,43.82
1986M02,-,14.2,-,13.76,19.5,2.36,27.54,84.83,18.3,40.82
1986M03,-,20.18,-,19.74,31.72,3.48,36.76,120.52,22.98,43.16
1986M04,-,18.2,-,17.62,25.27,3.31,34.62,106.03,23.65,43.47
1986M05,-,19.11,-,18.48,26.41,3.42,36.64,111.04,25.48,44.98
1986M06,-,18.72,-,18.05,26.78,3.35,35.4,107.17,26.23,43.85
1986M07,-,19.6,-,18.78,28.47,3.69,34.44,115.15,29.16,48.36
1986M08,-,19.62,-,18.83,27.77,3.82,35.03,113.82,28.64,49.93
1986M09,-,19.12,-,18.44,27.23,3.63,35.51,109.04,26.57,49.78
1986M10,-,20.27,-,19.66,28.91,3.93,38.14,114.68,26.25,49.8
1986M11,-,19.77,-,19.22,28.64,3.86,38.22,108.11,24.76,48.52
1986M12,-,21.52,-,21.02,30.98,4.23,41.22,120.5,25.47,48.23
1987M01,-,19.86,-,19.36,27.82,3.56,38.94,114.71,23.66,47.3
1987M02,-,18.43,-,17.97,24.93,3.61,36.61,102.68,22.35,44.23
1987M03,-,21.36,-,20.81,30.29,4.37,40.08,120.32,26.14,47.34
1987M04,-,21.52,-,21,31.32,4.39,39.34,123.28,26.01,47.2
1987M05,-,21.63,-,20.96,31.58,4.2,40.18,121.95,28.29,49.22
1987M06,-,21.48,-,20.75,32.15,4.36,38.8,119.07,29.26,48.9
1987M07,-,22.02,-,21.18,33.59,4.54,38.77,120.85,32.01,52.22
1987M08,-,21.93,-,20.98,32.9,4.45,38.41,121.69,33.4,53.04
1987M09,-,20.96,-,20.23,31.65,4.44,36.76,115.95,29,53.38
1987M10,-,21.32,-,20.59,31.34,4.57,38.9,114.74,29.06,53.06
1987M11,-,20.85,-,20.23,30.71,4.39,39.81,108.88,27.02,51.48
1987M12,-,22.68,-,22.14,33.15,4.95,42.24,122.77,26.83,51.1
1988M01,-,22.06,-,21.49,33.57,4.56,42.27,115.06,26.82,51.5
1988M02,-,18.47,-,17.95,26.11,3.83,36.52,96.42,23.15,48.81
1988M03,-,22.02,-,21.39,32.91,4.73,41,116.38,28.02,50.99
1988M04,-,21.8,-,21.18,32.71,4.68,40.23,116.43,27.43,50.55
1988M05,-,21.96,-,21.14,33.79,4.65,40.29,113.2,31.27,53.49
1988M06,-,22.06,-,21.14,33.86,4.83,39.95,111.53,33.13,53.42
1988M07,-,22.55,-,21.47,33.62,4.84,41.28,113.78,36.6,56.97
1988M08,-,22.78,-,21.77,34.45,5.04,41.17,114.61,35.66,57.49
1988M09,-,22.08,-,21.21,33.21,4.77,41.09,111.32,32.5,56.94
1988M10,-,22.13,-,21.37,34.92,4.79,41,110.25,30.74,57.23
1988M11,-,22.26,-,21.63,36.46,4.83,41.47,109.5,28.36,55.08
1988M12,-,23.98,-,23.42,38.11,5.32,45.27,119.07,29.02,55.43
1989M01,-,23.1,-,22.47,36.4,4.87,44.09,117.32,28.13,55.58
1989M02,-,18.02,-,17.47,26.53,3.67,35.16,94.94,22.88,51.13
1989M03,-,24.12,-,23.49,38.91,5.33,44.62,121.49,29.26,54.51
1989M04,-,23.12,-,22.46,37.29,5,43.08,114.83,29.24,54.12
1989M05,-,23.79,-,23,38.44,5.24,42.99,117.41,32.32,57.11
1989M06,-,23.33,-,22.47,37.89,5.2,41.92,112.84,33.69,56.19
1989M07,-,23.27,-,22.24,36.62,5.08,41.98,113.75,37.03,60.52
1989M08,-,23.97,-,22.96,37.81,5.23,43.63,116.52,37.25,61.72
1989M09,-,22.49,-,21.62,35.36,4.87,40.77,111.15,33.06,61.04
1989M10,-,22.32,-,21.5,36.15,4.8,42.09,105.73,31.46,61.84
1989M11,-,22.87,-,22.14,38.24,4.94,42.92,107.12,29.96,60.72
1989M12,-,23.35,-,22.63,37.75,4.99,44.35,113.29,29.97,59.81
1990M01,-,20.15,-,19.43,31.03,4.09,38.74,102.67,27.51,59.98
1990M02,-,20.55,-,19.88,32.54,4.35,38.56,103.61,27.26,55.14
1990M03,-,23.74,-,23.01,39.21,5.16,44.68,113.21,31.34,59.37
1990M04,-,22.6,-,21.86,37.73,5.02,41.21,108.19,30.68,57.38
1990M05,-,23.09,-,22.2,38.38,5.21,41.18,108.92,34.16,60.65
1990M06,-,22.82,-,21.86,38.05,5.4,39.76,105.44,35.86,59.18
1990M07,-,23.29,-,22.11,37.4,5.25,41.07,110.1,40.13,63.73
1990M08,-,23.62,-,22.51,38.29,5.28,42.26,111.25,39.03,64.43
1990M09,-,22.67,-,21.7,36.78,5.12,41.45,105.41,35.56,63.74
1990M10,-,22.92,-,22,36.9,4.98,43.73,106.5,34.1,64.45
1990M11,-,23.51,-,22.7,38.87,5.44,43.92,106.63,32.68,62.68
1990M12,-,24.06,-,23.32,40.06,5.43,44.48,113.39,32.11,63.23
1991M01,-,23.26,-,22.42,37.52,5.03,44.26,110.71,32.5,62.1
1991M02,-,18.86,-,18.15,29.23,4.13,36.32,91.03,26.54,57.25
1991M03,-,23.87,-,23.01,38.41,5.44,44.57,112.09,33.6,62.46
1991M04,-,23.41,-,22.54,39.04,5.42,42.41,107.76,33.56,61.16
1991M05,-,24.84,-,23.77,40.74,5.81,43.95,115.07,38.61,63.93
1991M06,-,24.09,-,22.93,39.6,5.64,41.99,110.94,40.2,63.05
1991M07,-,24.95,-,23.64,41.88,5.83,42.12,115.96,43.67,67.57
1991M08,-,25.72,-,24.45,42.53,5.91,44.41,120.68,43.5,68.39
1991M09,-,25.34,-,24.27,44.23,5.75,44.7,114.59,38.99,66.91
1991M10,-,26.17,-,25.26,45.97,5.92,47.63,116.94,36.2,67.51
1991M11,-,26.14,-,25.33,46.33,5.92,47.36,118.03,34.42,66.95
1991M12,-,26.96,-,26.15,48,5.99,48.29,125.34,34.81,66.67
1992M01,-,26.01,-,25.13,44.34,5.71,47.82,122.85,34.92,66.33
1992M02,-,20.34,-,19.53,33.54,4.44,39.13,91.93,29.35,61.95
1992M03,-,25.92,-,25,43.55,5.95,48.63,116.09,36.2,65.41
1992M04,-,25.68,-,24.78,43.32,5.96,47.81,115.13,35.7,64.15
1992M05,-,26.17,-,25.13,45.68,6.04,47.12,115.67,38.79,67.25
1992M06,-,25.59,-,24.42,45.7,6.01,44.17,111,40.95,67.63
1992M07,-,26.29,-,24.9,46.03,6.06,44.63,116.79,46.13,69.95
1992M08,-,26.08,-,24.67,45.9,5.72,45.63,115.8,45.95,70.68
1992M09,-,24.92,-,23.73,43.83,5.68,43.84,108.93,40.79,70.26
1992M10,-,25.95,-,24.9,45.66,6.06,45.76,114.06,38.28,75.42
1992M11,-,25.28,-,24.34,45.28,5.92,45.19,109.2,35.43,71.27
1992M12,-,27.26,-,26.33,49.03,6.47,48.29,118.86,36.72,73.38
1993M01,-,21.83,-,20.83,36.66,4.73,41.26,97.08,33.03,73.36
1993M02,-,24.4,-,23.51,42.89,5.85,44.33,104.62,33.54,66.61
1993M03,-,26.95,-,25.94,47.15,6.63,48.24,114.77,38.08,73.36
1993M04,-,26.17,-,25.14,46.34,6.47,46.21,109.98,37.84,70.75
1993M05,-,26.62,-,25.37,46.59,6.44,46.81,111.63,42.78,73.78
1993M06,-,26.13,-,24.77,45.59,6.47,45.91,105.44,44.76,73.05
1993M07,-,27.52,-,25.91,47.99,6.6,47.25,113.74,51.09,77.45
1993M08,-,27.08,-,25.47,46.84,6.48,47.31,110.65,50.77,77.56
1993M09,-,26.74,-,25.39,45.4,6.72,47.42,108.74,45.35,74.48
1993M10,-,26.57,-,25.36,45.11,6.63,47.94,109.08,41.85,76.16
1993M11,-,26.26,-,25.14,45.24,6.67,47.08,106.89,39.95,73.13
1993M12,-,28.44,-,27.41,49.06,7.16,51.2,119.58,39.75,74.29
1994M01,-,26.47,-,25.34,44.78,6.4,48.02,114.87,39.24,72.63
1994M02,-,21.71,-,20.73,35.79,5.26,41.63,90.03,33.07,66.63
1994M03,-,28.36,-,27.22,48.47,7.31,51.27,116.14,41.24,73.09
1994M04,-,27.75,-,26.52,48.57,6.9,49.19,114.6,43.61,72.23
1994M05,-,28.23,-,26.81,48.9,7.22,49.94,112.36,48.14,74.45
1994M06,-,28.42,-,26.93,48.12,7.46,50.86,110.57,49.98,75.48
1994M07,-,28.11,-,26.46,48.6,7.1,48.74,111.95,53.37,80.36
1994M08,-,27.93,-,26.37,46.83,7.18,48.72,113.48,51.29,81.01
1994M09,-,28.03,-,26.63,47.8,7.39,48.86,112.08,47.27,81.33
1994M10,-,28.52,-,27.18,50.16,7.39,50.92,110.37,45.65,83.11
1994M11,-,29.57,-,28.35,51.74,7.94,52.72,114.12,43.5,80.63
1994M12,-,30.15,-,28.93,51.98,8.16,52.71,120.42,43.59,81.78
1995M01,-,28.02,-,26.83,48.55,7.23,50.04,113.01,41.4,82.45
1995M02,-,24.56,-,23.48,40.62,6.74,45.06,94.44,36.88,74.67
1995M03,-,31.24,-,30.03,53.75,8.92,54.31,119.19,44.54,80.29
1995M04,-,29.13,-,27.85,49.61,7.97,52.88,109.79,45.27,75.07
1995M05,-,31.11,-,29.71,54.01,8.69,54.47,116.05,50.36,74.96
1995M06,-,29.95,-,28.4,51.08,8.54,51.76,109.3,53.27,71.08
1995M07,-,29.75,-,28,51.13,8.29,50.3,109.83,56.77,81.99
1995M08,-,30,-,28.28,50.08,8.53,51.04,112.03,56.46,82.81
1995M09,-,29.28,-,27.7,49.91,8.53,49.29,106.2,52.36,79.8
1995M10,-,28.95,-,27.45,48.75,8.4,48.78,108.26,50.18,82.02
1995M11,-,29.38,-,28.11,49.4,8.61,50.76,110,44.88,78.77
1995M12,-,29.64,-,28.39,48.73,8.58,52.73,112.56,44.46,78.36
1996M01,29.62,29.53,227.68,28.25,49.36,8.31,53.19,111.57,48.34,75.54
1996M02,24.8,24.71,220.77,23.56,40.28,6.99,45.11,92.5,41.73,72.47
1996M03,29.68,29.58,243.43,28.25,50.44,8.67,51.18,107.89,49.53,76.25
1996M04,29.68,29.58,233.78,28.31,51.34,8.43,52.31,107.35,48.77,74.21
1996M05,30.88,30.78,213.57,29.36,53.29,8.83,53.82,110.95,53.43,75
1996M06,30.03,29.92,202.51,28.18,51,8.52,52.05,105.48,60.62,77.5
1996M07,30.71,30.61,201.67,28.7,50.92,8.54,53.82,110.3,65.24,80.28
1996M08,30.86,30.74,189.38,28.96,52.07,8.41,54.26,112.9,62.22,82.06
1996M09,30.09,29.99,191.22,28.26,48.83,8.73,52.72,107.73,60.05,82.92
1996M10,31.29,31.18,206.42,29.63,50.44,9.47,55.74,108.78,56.48,83.07
1996M11,31.73,31.63,210.02,30.26,52.97,9.7,56.02,108.85,52.93,77.27
1996M12,32.89,32.77,216.66,31.47,57.35,9.88,57.59,112.08,51.76,82.35
1997M01,31.4,31.29,222.31,29.92,53.99,8.73,56.65,113.96,51.93,81.63
1997M02,25.18,25.09,188.51,23.89,41.01,7.22,47.06,88.2,43.25,74.71
1997M03,32.89,32.77,228.67,31.37,56.04,9.82,57.97,114.02,53.84,68.66
1997M04,31.8,31.68,225.12,30.24,55.55,9.36,56.2,106.61,54.23,78.91
1997M05,33.09,32.97,240.8,31.32,58.24,9.63,57.65,110.92,60.69,77.51
1997M06,31.55,31.45,211.76,29.79,55.22,9.42,53.95,104.02,59.69,78.39
1997M07,32.95,32.84,204.63,30.91,56.17,9.79,56.76,108.88,67.13,83.23
1997M08,32.66,32.55,193.35,30.62,55.2,9.79,55.29,109.52,67.31,83.91
1997M09,32.58,32.47,198.98,30.78,54.88,10.45,54.43,105.08,61.04,84.26
1997M10,34.63,34.53,214.4,32.89,60.12,11.37,56.68,108.66,61.06,84.62
1997M11,33.52,33.41,202.42,31.97,57.96,11.22,54.94,104.42,55.67,82.29
1997M12,35.81,35.7,224.89,34.26,63.02,11.9,58.68,112.1,56.87,85.04
1998M01,29.36,29.24,202.13,27.82,49.16,8.85,52.15,98.19,51.9,85.08
1998M02,30.34,30.22,193.27,28.92,50.46,10.11,51.44,96.32,50.09,78.85
1998M03,34.19,34.05,212.89,32.59,58.21,11.29,57.44,107.83,57.02,84.38
1998M04,33.6,33.46,210.67,31.87,57.7,10.59,56.97,108.51,60.18,81.37
1998M05,33.42,33.28,200.73,31.46,56.84,10.53,56.56,105.67,65.88,78.61
1998M06,33.54,33.41,194.02,31.56,56.42,10.96,55.03,105.19,66.95,79.49
1998M07,34.01,33.88,200.57,31.69,57.06,10.84,54.59,109.12,74.76,86.17
1998M08,33.83,33.69,197.1,31.49,54.76,10.93,55.41,108.18,75.01,88.36
1998M09,34.41,34.28,194.2,32.43,55.09,11.9,57.26,104.22,66.59,87.45
1998M10,35.01,34.87,188.68,33.16,56.27,12.47,58.27,102.68,63.68,90.38
1998M11,34.63,34.5,197.04,32.98,55.7,12.58,57.14,101.82,58.86,86.78
1998M12,35.32,35.2,207.7,33.71,59.45,12.23,58.05,108.06,58.23,88.51
1999M01,34.14,34.02,195.47,32.46,56.81,11.34,55.18,110.3,58.4,85.43
1999M02,28.23,28.14,170.6,26.72,44.8,9.7,47.81,86.06,50.33,80.66
1999M03,36.6,36.5,194.99,34.9,60.03,13.11,60.14,108.55,60.71,84.58
1999M04,36.32,36.2,193.2,34.63,59.64,12.43,62.23,108.6,60.43,84.08
1999M05,36.86,36.73,194.03,34.98,59.75,12.7,64.33,105.9,66,86.07
1999M06,36.58,36.45,190.2,34.53,58.28,13.21,59.36,107.38,71.27,86.71
1999M07,36.84,36.72,183.5,34.63,59.43,12.95,60.01,107.83,75.93,89.26
1999M08,36.77,36.64,184.42,34.55,56.18,13.31,60.92,108.24,75.7,91.36
1999M09,34,33.89,166.71,32.1,53.26,12.45,56.08,97.88,65.24,91.17
1999M10,37.8,37.67,166.5,35.96,58.43,14.47,62.57,107.09,65.65,91.46
1999M11,38.14,38.03,180.18,36.42,58.23,15.09,63.47,105.25,62.17,92.94
1999M12,39.02,38.9,186.7,37.32,62.57,15.1,62.62,110.47,61.77,94.7
2000M01,37.57,37.45,187.27,35.8,58.8,14.09,59.76,114.56,62.41,94.77
2000M02,30.92,30.82,153.71,29.29,46.13,11.89,52.89,85.26,55.25,89.36
2000M03,40.19,40.07,184.22,38.47,62.74,15.81,64.86,114.59,63.49,94.33
2000M04,37.71,37.6,173.16,35.98,59.28,14.78,60.6,106.03,62.13,93.99
2000M05,40.02,39.89,153.29,38.06,63.01,15.88,62.85,111.21,70.52,96.32
2000M06,39.88,39.74,165.48,37.72,61.95,16.44,60.96,105.66,76.08,101.53
2000M07,39.32,39.2,146.55,37,59.66,15.88,60.71,107.29,80.4,107.32
2000M08,39.95,39.84,150.57,37.73,59.15,16.32,63.5,108.63,77.85,106.54
2000M09,40.04,39.91,156.29,38.02,59.23,16.98,63.04,106.02,71.78,104.72
2000M10,40.51,40.38,176.67,38.44,58.94,17.44,64.47,104.47,72.71,107.99
2000M11,39.32,39.19,170.75,37.45,57.26,16.63,64.21,103.61,66.12,103.84
2000M12,39.23,39.09,202.16,37.33,59.63,15.45,64.72,108.91,65.63,106.62
2001M01,33.33,33.24,174.73,31.48,46.12,12.76,59.01,95.52,61.25,105.7
2001M02,34.88,34.76,175.65,33.16,50.43,13.79,60.55,95.37,59.39,95.73
2001M03,38.71,38.59,199.04,36.82,56.85,15.16,67.34,105.35,65.79,105.98
2001M04,35.25,35.14,180.75,33.4,52.48,13.06,62.87,97.76,62.75,102.95
2001M05,36.69,36.59,164.56,34.56,53.9,13.41,66.55,100.02,72.65,104.16
2001M06,34.64,34.54,161.04,32.35,49.86,12.57,62.27,95,76.08,102.1
2001M07,34.43,34.33,159.68,32,49.56,12.24,61.37,96.21,80.13,104.31
2001M08,36.52,36.42,158.39,34.02,50.81,13.24,65.75,103.14,83.51,105.49
2001M09,33.58,33.48,139.9,31.52,47.21,12.45,62.27,89.74,69.62,99.59
2001M10,36.96,36.86,159.19,34.94,51.12,14.5,67.34,97.55,70.28,103.25
2001M11,35.74,35.63,168.47,33.85,50.75,14.46,61.81,94.46,64.53,101.23
2001M12,35.34,35.25,193.7,33.42,50.02,13.59,62.62,98.19,64.57,102.95
2002M01,36.49,36.39,205.33,34.54,51.43,14.15,66.42,96.94,66.03,103.2
2002M02,30.04,29.96,147.94,28.33,40.45,12.07,55.37,76.23,57.05,92.35
2002M03,38.92,38.82,184.71,36.97,55.31,15.92,69.97,96.36,68.77,101.12
2002M04,39,38.88,177.44,37.02,54.92,16.07,70.04,96.21,69.75,97.76
2002M05,40.72,40.61,174.59,38.65,59.18,16.77,71.76,98.95,75.14,92.92
2002M06,38.31,38.2,158.74,36.11,55.11,16.02,66,91.01,77.78,91
2002M07,39.87,39.76,166.5,37.44,57.75,16.1,70.07,95.49,84.29,96.72
2002M08,39.99,39.86,177.32,37.53,57.04,15.62,72.64,98.58,84.71,99.31
2002M09,38.74,38.63,176.09,36.59,55.44,15.89,68.91,92.81,75.03,97.25
2002M10,40.66,40.53,199.42,38.52,58.41,16.89,73.08,94.32,74.98,100.56
2002M11,39.66,39.52,220.08,37.73,57.66,16.79,69.79,92.32,68.03,96.84
2002M12,39.9,39.76,219.08,37.94,60.29,16.35,69.56,95.1,68.53,100.42
2003M01,40.62,40.49,206.26,38.65,58.63,16.63,73.07,99.33,69.23,101.38
2003M02,33.98,33.88,159.85,32.23,46.36,14.91,62.08,73.63,61.02,91.33
2003M03,41.24,41.12,205.65,39.29,59.97,17.83,70.96,96.16,69.63,99.22
2003M04,40.8,40.68,175.38,38.83,59.54,17.71,70.42,92.69,71.11,97.36
2003M05,41.31,41.18,170.05,39.18,58.35,17.62,74.75,92.42,75.99,101.23
2003M06,40.42,40.28,166.95,38.21,56.48,17.24,74.67,86.66,77.79,97.4
2003M07,43.08,42.96,159.03,40.51,59.43,18,79.32,95.83,90.51,103.88
2003M08,42.93,42.81,161.11,40.42,56.96,18.51,79.5,93.82,88.48,103.42
2003M09,42.55,42.44,154.31,40.31,57.72,19.53,74.1,89.92,80.77,101.14
2003M10,45.63,45.51,156.51,43.57,62.78,21.29,79.9,94.7,77.2,101.51
2003M11,44.24,44.14,161.76,42.31,59.92,20.95,78,90.38,72.52,98.05
2003M12,47.51,47.4,173.33,45.64,67.52,21.43,85.36,101.58,73.06,99.11
2004M01,40.7,40.6,169.06,38.76,61.64,15.45,77.99,85.37,70.79,98.68
2004M02,43.37,43.26,179.41,41.46,67.64,17.02,80,88.38,69.17,90.64
2004M03,47.9,47.81,153.56,45.9,76.09,18.64,87.72,97.47,74.79,98.08
2004M04,46.43,46.33,155.02,44.46,74.83,18.11,82.96,94.51,73.12,96.13
2004M05,47.29,47.17,162.43,45.09,75.32,18.46,84.97,95.14,84.29,101.59
2004M06,46.47,46.33,171.65,44.28,74.29,18.44,81.6,93.42,84.14,99.64
2004M07,46.53,46.41,160.88,44.27,75.1,18.07,81.76,93.59,88.42,100.97
2004M08,46.05,45.94,155.65,43.81,71.56,18.03,84.81,92.21,88.51,102.1
2004M09,46.08,45.96,154.73,43.97,73.42,18.5,81.99,90.15,81.35,99.5
2004M10,47.06,46.95,159.14,45.02,74.15,19.3,85.33,89.73,75.59,103.26
2004M11,46.75,46.61,166.56,44.73,73.53,19.65,82.36,90.28,73.42,99.52
2004M12,47.21,47.06,182.79,45.16,76.21,19.05,81.45,95.05,74.1,101.56
2005M01,46.82,46.67,185.24,44.71,74.2,18.85,82.33,94.78,76.8,102.22
2005M02,38.19,38.09,135.5,36.4,58.12,16.13,71.62,68.57,66.73,92.26
2005M03,48.75,48.61,170.89,46.64,78.52,19.96,85.62,93.54,77.5,100.81
2005M04,47.18,47.06,153.44,45.13,74.22,19.85,82.46,91.93,77.39,98.03
2005M05,47.55,47.42,142.14,45.39,75.36,20.19,82.48,89.23,85.44,95.7
2005M06,47.5,47.4,139.49,45.31,73.81,21.14,80.77,88.01,87.09,99.36
2005M07,46.58,46.48,130.36,44.33,69.26,21,80.97,88.57,91.93,101.69
2005M08,48.85,48.73,146.58,46.56,70.13,22.94,85.09,93.33,92.17,102.32
2005M09,48.52,48.39,146.62,46.36,70.05,23.42,83.37,90.04,84.43,100
2005M10,49.61,49.5,135.3,47.46,71.17,24.24,86.73,89.03,83.2,102.7
2005M11,49.37,49.27,140.34,47.35,71.02,24.51,84.32,90.08,76.9,100.09
2005M12,50.18,50.06,159.12,48.1,73.98,24.59,83.33,92.96,77.8,102.57
2006M01,47.86,47.72,161.84,45.78,69.86,22.99,81.35,89.8,77.41,103.55
2006M02,43.57,43.46,136.9,41.73,63.21,22.26,73.99,72.32,69.09,92.24
2006M03,51.92,51.79,159.91,49.83,79.49,25.44,84.35,91.68,77.54,102.64
2006M04,49.58,49.45,149.63,47.5,73.67,24.47,83.43,85.95,79.16,100.12
2006M05,51.08,50.96,146.59,48.87,75.51,24.79,87.36,89.89,85.99,103.75
2006M06,49.87,49.74,142.14,47.65,74,24.24,84.03,88.03,88.24,101.66
2006M07,49.79,49.68,135.16,47.44,73.41,24.53,81.77,88.55,96.32,106.11
2006M08,51.33,51.21,135.28,48.96,74.04,26.13,83.72,91.11,96.55,106.34
2006M09,50.01,49.9,132.8,47.82,71.74,26.43,79.79,86.73,86.6,102.94
2006M10,50.08,49.98,131.56,47.94,71.62,26.69,79.26,87.54,83.92,106.19
2006M11,49.98,49.89,130.73,47.93,71.02,26.21,82.31,87.52,79.5,101.91
2006M12,49.49,49.39,133.37,47.38,73.43,24.2,82.32,89.54,81.46,104.22
2007M01,50.85,50.76,130.12,48.74,75.22,25.27,83.41,92.14,82.2,104.73
2007M02,41.3,41.23,101.72,39.5,58.27,21.09,71.81,69.66,69.92,94.74
2007M03,52.28,52.21,124.3,50.19,77.23,26.52,86.17,90.79,81.81,103.67
2007M04,51.56,51.49,117.57,49.51,75.08,26.84,86.15,84.97,80.42,99.79
2007M05,54.85,54.77,123.48,52.61,78.12,29.38,90.03,90.96,89.51,104.31
2007M06,53.54,53.45,119.31,51.27,73.19,30.05,87.7,85.59,92.24,101.79
2007M07,55.89,55.8,121.47,53.46,76.27,31.35,91.65,88.72,100.24,106.8
2007M08,56.2,56.13,115.73,53.87,74.03,32.29,92.63,91.49,95.8,105.26
2007M09,53.93,53.83,121.53,51.73,69.67,32.62,86.84,82.37,88.23,102.63
2007M10,58.43,58.38,106.7,56.26,77.2,35.42,92.38,89.68,86.97,105.24
2007M11,56.67,56.61,109.1,54.62,74.98,34.25,90.31,86.89,80.12,101.76
2007M12,56.58,56.51,117.03,54.45,76.32,33.34,90.68,87.48,83.73,104.27
2008M01,57.32,57.23,127.64,55.14,77.11,33.12,92.3,93.98,84.41,104.28
2008M02,48.52,48.47,101.86,46.56,63.14,29.23,80.85,69.03,76.92,95.85
2008M03,57.65,57.55,129.71,55.48,77.26,34.96,90.61,85.76,83.07,102.87
2008M04,57.58,57.48,131.96,55.46,78.14,34.59,90.36,86.43,81.87,100.02
2008M05,58.31,58.21,127.31,56.08,78.42,34.72,94.01,86.22,87.77,103.3
2008M06,56.58,56.49,116.67,54.33,75.06,34.39,90.7,80.92,90.16,99.68
2008M07,57.58,57.52,107.12,55.26,73.36,35.99,90.22,86.63,95.11,103.32
2008M08,57.4,57.35,102.31,55.07,71.92,37.88,84.2,83.54,96.46,103.4
2008M09,53.98,53.93,92.67,51.85,66.56,37.45,73.13,78.67,87.63,99.47
2008M10,51.07,51,97.65,48.94,64.75,33.44,71.27,80.6,85.81,102.23
2008M11,41.24,41.17,99.8,39.38,53.46,24.32,62.37,73.24,72.33,98.76
2008M12,38.92,38.84,109.13,37.09,53,19.46,64.6,79.37,69.84,99.7
2009M01,32.18,32.11,79.5,29.82,39.96,15.11,66.67,59.34,73.44,97.82
2009M02,35.09,34.99,95.64,32.96,46.69,17.33,70.07,60.23,70.98,90.1
2009M03,42.27,42.17,107.67,40.17,52.08,23.12,81.85,71.19,76.05,99.46
2009M04,45.95,45.86,103.25,43.99,52.69,27.84,83.96,73.26,77.09,96.38
2009M05,48.35,48.26,107.81,46.27,52.36,30.97,83.68,75.46,81.5,101.57
2009M06,51.14,51.06,105.74,48.94,57.43,33.23,86.19,74.83,87.61,98.49
2009M07,53.63,53.56,102.89,51.31,60.25,35.21,87.72,78.82,92.86,103.08
2009M08,52.95,52.92,90.43,50.59,54.93,36.18,85.29,76.02,94.22,100.49
2009M09,55.18,55.13,97.96,53.07,61.34,37.76,86.25,78.36,90.32,99.07
2009M10,56.19,56.12,102.49,54.33,63.4,38.92,85.56,80.72,84.95,101.52
2009M11,55.96,55.9,101.24,54.56,63.66,39.46,84.8,79.38,74.7,97.31
2009M12,58.79,58.72,118.61,57.19,71.53,39.07,90.61,90.75,80.69,100.22
2010M01,57.21,57.12,117.13,55.49,68.62,38.26,91.04,82.02,81.97,100.23
2010M02,50.49,50.41,100.86,48.85,54.4,35.69,78.51,69.59,75.18,89.63
2010M03,61.85,61.78,117.01,60.23,73.59,42.75,92.19,89.83,84.61,100.36
2010M04,62.36,62.27,123.11,61.01,72.95,44.18,92.41,88.14,78.79,96.97
2010M05,63.69,63.59,125.95,62.01,72.79,45.34,95.54,86.27,87.12,101.76
2010M06,64.36,64.27,127.61,62.65,74.16,46.29,94.04,85.31,88.7,98.6
2010M07,65.98,65.87,130.72,63.91,76.24,46.78,95.08,90.77,98.02,103.63
2010M08,64.34,64.22,134.62,62.23,75.46,46.21,90.22,83.61,96.82,103.79
2010M09,61.92,61.81,129.89,60.03,74.58,44.44,85.71,79.98,90.15,100.59
2010M10,62.8,62.69,131.92,61.07,77.57,43.95,89.75,85.18,86.73,103.69
2010M11,65.11,64.99,137.41,63.72,77.96,46.73,89.02,94.03,81.5,99.56
2010M12,67.58,67.45,145.22,66.21,86.93,46.6,92.67,102.29,82.68,102.57
2011M01,65.82,65.7,139.98,64.2,78.84,46.11,94.34,95.96,86.83,102.5
2011M02,55.87,55.79,103.77,54.4,64.26,41.32,79.89,69.36,76.12,91.57
2011M03,68.43,68.35,122.98,67.03,85.76,49.25,94.89,89.76,85.56,101.01
2011M04,65.31,65.22,123.68,64,78.18,47.78,89.91,89.19,80.52,98.19
2011M05,67.27,67.2,120.74,65.85,78.65,50.05,89.72,93.61,85.1,100.25
2011M06,65.55,65.48,117.72,63.73,78.76,47.99,85.97,89.71,92.92,99.66
2011M07,66.35,66.27,115.36,64.36,80.33,47.89,87.18,92.65,97.34,103.48
2011M08,64.95,64.89,108.88,62.99,80.58,47.05,82.52,89.64,95.74,103.37
2011M09,61.09,61.01,114.9,59.2,77.15,43.04,80.63,85.26,90,100.13
2011M10,63.13,63.07,107.44,61.43,77.71,44.71,85.45,90.19,87.91,102.7
2011M11,60.8,60.73,114.32,59.12,75.08,42.15,84.75,88.94,84.89,98.9
2011M12,60.74,60.65,127.95,59.04,79.88,40.39,83.54,93.14,84.45,101.91
2012M01,55.27,55.2,103.5,53.36,64.05,38.26,79.37,80.25,84.76,101.07
2012M02,59.64,59.56,110.55,58.04,74.12,40.95,85.86,82.11,82.73,93.1
2012M03,67.1,67,128.01,65.59,82.75,47.72,93.07,92.87,86.67,101.64
2012M04,64.93,64.82,130.17,63.6,78.28,47.45,89.66,87.85,80.7,97.77
2012M05,67.2,67.12,118.17,65.82,81.8,49.18,90.69,92.64,84.17,101.48
2012M06,63.54,63.46,109.93,61.85,77.32,46.96,82.32,86.29,88.35,98.76
2012M07,66.92,66.85,115.38,64.89,77.87,49.63,88.56,91.75,98.68,102.53
2012M08,67.48,67.42,106.98,65.56,77.25,50.22,89.94,94.6,97.38,101.45
2012M09,64.89,64.84,104.87,63.16,72.78,49.59,85.54,89.03,90.65,98.97
2012M10,66.64,66.58,109.24,65.11,77.81,49.57,90.72,90.85,87.53,102.07
2012M11,65.33,65.27,114.17,64.02,76.61,49.05,88.77,87.82,81.47,97.73
2012M12,63.77,63.69,126.29,62.25,77.46,45.65,88.35,88.27,83.49,99.94
2013M01,67,66.92,113.36,65.51,80.16,47.67,94.6,95.28,87.02,100.72
2013M02,54.76,54.7,91.7,53.39,60.34,41.25,79.37,69.2,73.34,91.77
2013M03,67.31,67.26,105.84,65.99,80.6,49.61,94.25,87.87,84.32,102.61
2013M04,66.07,66,112.7,64.7,76.56,50.9,88.63,84.23,84.05,98.12
2013M05,69.42,69.36,108.3,67.75,78.26,54.5,90.71,88.73,93.43,102.42
2013M06,67.15,67.08,111.18,65.44,75.07,53.31,86.01,85.65,92.1,100.76
2013M07,70.84,70.77,104.2,68.99,80.29,54.87,93.96,90.12,98.62,104.74
2013M08,69.35,69.3,98.9,67.41,78.39,53.94,90.81,87.93,99.33,103.96
2013M09,66.59,66.54,96.23,64.82,73.37,53.35,85.26,83.4,93.45,98.94
2013M10,68.44,68.4,100.33,66.92,79.34,53.35,89.07,87.11,89.93,100.95
2013M11,66.63,66.58,110.52,65.38,78.26,50.92,90.09,85.46,82.08,98.23
2013M12,69.53,69.48,111.72,68.33,83.11,53.02,94.49,87,83.6,101.84
2014M01,66.81,66.74,112.46,65.49,77.88,49.83,92.84,89.25,84.01,102.11
2014M02,59.88,59.86,80.29,58.69,68.56,46.76,83.63,68.35,76.36,89.48
2014M03,70.55,70.49,111.44,69.39,82.83,55.28,94.01,86.33,85.13,100.34
2014M04,70.57,70.51,113.06,69.56,83.46,56.59,90.06,86.15,82.36,98.12
2014M05,73.11,73.07,103.58,71.72,86.05,59.12,91.52,86.42,92.47,102.13
2014M06,72.78,72.74,101.51,71.17,83.93,59.15,91.62,84.25,96.32,101.59
2014M07,75.63,75.6,107.43,73.73,87.37,60.02,96.72,91.02,104.51,105.11
2014M08,75.1,75.05,109.42,73.35,82.55,61.83,94.68,89.36,101.04,104.63
2014M09,74.11,74.06,108.91,72.63,82.71,63.24,88.69,83.21,95.06,101.62
2014M10,75.98,75.93,114.33,74.9,86.76,63.89,93.88,86.5,89.13,103.63
2014M11,72.91,72.86,108.47,71.95,82.35,61.79,89.92,83.03,84.19,99.63
2014M12,75.79,75.73,113.27,74.93,91.6,61.51,93.35,92.57,84.87,102.95
2015M01,74.19,74.13,119.58,73.38,86.38,60.93,94.11,88.28,82.94,102.43
2015M02,62.06,62.03,90.17,61.2,66.56,52.27,83.08,67.53,72.52,91.22
2015M03,76.1,76.07,103.51,75.4,89.99,62.46,97.56,87.34,84.15,97.36
2015M04,72.32,72.27,101.54,71.52,84.77,58.78,94.47,83.52,82.01,92.22
2015M05,72.72,72.69,99.44,71.5,84.21,58.12,97.56,82.68,89.63,97.61
2015M06,72.75,72.72,97.37,71.03,84.62,57.69,94.38,85.24,98.22,98.99
2015M07,73.39,73.35,97.76,71.59,87.02,57.13,95.2,88.57,99.87,102.22
2015M08,70.29,70.28,86.14,68.4,78.18,56.3,90.81,84.68,98.62,101.47
2015M09,69.93,69.91,87.68,68.37,77.76,56.23,92.11,83.24,92.71,97.63
2015M10,71.02,70.98,101.68,69.52,79.77,56.25,94.54,87.41,92.09,101.07
2015M11,67.87,67.82,102.91,66.67,76.64,53.78,90.05,85.68,83.6,97.41
2015M12,70.9,70.83,112.96,69.99,81.23,55.28,96.7,91.65,81.01,104.11
2016M01,68.6,68.56,97.74,67.45,80.48,53.02,93.61,86.11,83.76,100.07
2016M02,58.05,58.04,74.32,56.78,63.65,45.99,83.18,65.12,75.47,93.2
2016M03,73.57,73.55,94.79,72.55,88.24,57.67,98.62,88.26,87.53,98.21
2016M04,68.85,68.81,94.67,67.51,80.55,54.12,91.73,82.33,87.5,96.25
2016M05,73.5,73.46,98.14,72,86.58,57.46,97.47,88.77,95,99.26
2016M06,74.44,74.42,90.82,72.83,85.11,60.14,95.16,87.02,98.12,96.85
2016M07,74.49,74.47,90.56,72.55,82.83,59.85,97.13,87.34,103.47,100.45
2016M08,77.01,77,91.72,75.35,84.06,62.96,96.72,96.02,101.44,102.97
2016M09,75.99,76,77.54,74.89,75.13,68.64,88.49,84.66,92.06,99.12
2016M10,76.36,76.36,87,74.96,81.59,64.93,92.74,90.03,96.87,102.71
2016M11,78.43,78.42,92.9,77.92,85.62,67.45,94.73,94.85,84.55,98.16
2016M12,78.38,78.34,102.72,77.82,88.52,65.09,97.7,98.63,84.57,102.43
2017M01,72.47,72.43,93.85,71.69,78.24,60.77,92.8,87.96,82.06,101.03
2017M02,67.43,67.42,75.72,66.79,73.17,57.27,84.62,79.82,75.86,90.09
2017M03,79.7,79.68,95.67,79.15,92.49,65.44,98.61,101.53,86.37,100.39
2017M04,69.67,69.65,85.03,68.55,82.47,54.98,88.12,89.95,85.2,96.84
2017M05,75.9,75.86,101.42,74.5,86.48,60.46,96.22,98.84,95.48,104.05
2017M06,78.71,78.71,84.29,77.18,89.62,64.68,98.92,90.12,101.64,99.53
2017M07,76.39,76.38,89.44,74.39,86.58,62.01,98.54,83.57,106.32,103.7
2017M08,81.46,81.46,90.91,79.68,90.32,67.23,101.82,94.92,108.43,104.21
2017M09,80.04,80.02,91.33,78.62,87.17,68.68,94.06,92.27,101.06,99.95
2017M10,78.36,78.36,81.66,77.12,83.64,68.73,92.61,84.8,96.62,102.83
2017M11,79.89,79.88,87.01,79.3,90.86,68.98,93.97,90.44,87.79,98.07
2017M12,81.46,81.44,92.49,81.02,91.18,71.07,96.71,90.71,86.5,104.41
2018M01,79.31,79.3,87.95,78.57,93.06,64.31,102.52,93.78,88.86,103.01
2018M02,63.76,63.76,62.76,62.78,67.49,54.23,83.58,69.12,77.56,91.93
2018M03,83.86,83.86,84.02,83.41,96.91,71.43,101.04,96.43,89.13,102.79
2018M04,75.35,75.34,80.91,74.44,85.69,63.68,92.14,84.98,87.89,99.6
2018M05,81.98,81.96,96.48,80.62,96.28,66.88,100.05,97.37,101.88,105.17
2018M06,78.81,78.8,84.75,77.42,91.5,64.91,95.37,92.42,99.65,101.01
2018M07,80.02,80.01,86.7,78.56,92.47,65.28,99.6,93.68,101.8,103.07
2018M08,82.51,82.51,82.32,81.01,91.61,68.71,101.28,98.25,105.56,103.57
2018M09,81.11,81.1,86.71,79.84,84.88,72.4,93.8,88.82,99.99,99.94
2018M10,84.6,84.59,92.8,83.88,91.3,74.86,98.75,95.99,94.4,99.24
2018M11,81.4,81.38,88.28,80.55,89.84,69.68,98.31,95.67,93.66,95.12
2018M12,79.85,79.83,95.17,79.15,88.83,68.43,95.1,95.52,88.57,102.75
2019M01,79.78,79.77,90.55,79.1,92.05,64.42,101.28,102.72,88.15,101.43
2019M02,62.7,62.7,65.48,61.76,67.38,52.45,83.08,70.05,75.81,90.96
2019M03,77.52,77.51,84.04,76.68,88.43,64.66,95.57,91.83,88.92,100.32
2019M04,77.05,77.05,81.67,76.13,87.36,64.34,94.91,91.34,89.89,99.65
2019M05,80.43,80.42,88.16,79.2,89.91,66.34,102.34,94.8,98.47,102.97
2019M06,78.63,78.65,79.01,77.16,84.12,67.83,95.1,88.05,101.34,101.45
2019M07,83.92,83.93,84.16,82.35,89.5,71.88,101.58,97.69,108.44,103.52
2019M08,85.07,85.09,76.93,83.55,84.05,77.33,98.09,95.51,109.13,102.76
2019M09,81.72,81.74,78.62,80.69,80.63,77.07,89.17,87.87,97.09,100.5
2019M10,84.28,84.27,89.21,83.42,85.82,77.08,94.8,97.09,96.2,103.35
2019M11,83.75,83.74,89.93,83.33,83.97,78.06,93.69,96,88.14,100.91
2019M12,86.85,86.83,98.21,86.57,90.51,79.18,98.11,102.97,88.31,105.52
2020M01,78.32,78.31,84.6,77.78,74.95,74.26,92.14,82.93,84.83,102.72
2020M02,77.42,77.39,89.38,76.89,81.08,69.76,92,85.79,84.01,94.42
2020M03,87.56,87.55,97.92,87.28,90.6,81.8,97.42,95.78,90.42,102.34
2020M04,81.23,81.18,100.42,80.79,81.04,76.98,90.74,86.94,86.03,99.64
2020M05,82.42,82.39,96.39,81.37,78.52,79.39,88.19,88.63,97.3,102.94
2020M06,85.22,85.2,96.25,83.98,80.7,82.93,88.77,89.81,103.58,101.5
2020M07,88.2,88.19,95.99,86.71,85.2,82.92,95.71,98.19,110.77,105.29
2020M08,90.24,90.24,91.78,89.13,83.56,89,91.91,97.84,106.84,104.47
2020M09,93.41,93.4,95.92,92.85,88.76,92.43,95.64,99.73,101.55,101.55
2020M10,91.23,91.22,95.82,90.72,88.05,89.52,95.61,95.77,98.05,106.08
2020M11,92.67,92.64,102.41,92.56,92.78,90.12,98.1,97.35,92.9,102.71
2020M12,98,97.97,108.94,98.21,104.83,93.54,101.08,105.23,93.04,106.3
2021M01,95.39,95.36,110.17,95.52,97.62,92.26,100.98,100.98,92.14,103.67
2021M02,80.59,80.58,87.12,80.62,77.65,81.94,83,76.61,79.02,92.94
2021M03,102.74,102.72,109.73,103.31,104.87,102.32,104.11,104.1,93.47,101.34
2021M04,94.47,94.43,107.4,94.56,98.42,91.74,98.01,96.59,92.41,94.75
2021M05,98.96,98.95,102.73,98.43,101.91,95.4,103.03,100.9,107.12,98.21
2021M06,102.67,102.69,91.32,102.55,102.38,102.7,101.92,103,105.32,97.08
2021M07,102.98,102.99,97.5,102.3,104.4,100.59,104.85,103.45,113.72,104.13
2021M08,104.03,104.04,90.99,103.62,101.86,104.47,103.3,103.26,110.91,104.09
2021M09,105.03,105.05,92.93,104.85,100.27,109.06,99.2,99.78,108.73,100.71
2021M10,102.79,102.8,93.15,102.53,100.62,104.48,98.48,101.71,107.34,102.28
2021M11,104.05,104.04,105.89,104.65,102.84,106.76,100.39,103.14,94.84,97.53
2021M12,106.33,106.32,111.04,107.05,107.11,108.25,102.72,106.43,94.94,103.26
2022M01,103.63,103.64,101.18,104.18,98.39,107.6,101.53,101.64,93.8,103.95
2022M02,87.97,88,74.92,88.13,81.12,93.63,85.5,76,85.65,89.9
2022M03,105.93,105.93,105.79,106.66,108.17,108.54,98.25,105.73,93.31,98.7
2022M04,99.04,99.04,98.42,99.17,96.83,101.63,98.06,91.85,96.89,95.7
2022M05,100.9,100.92,93.27,100.76,97.96,102.19,103.89,93.62,103.92,99.15
2022M06,100.59,100.6,95.36,100.22,96.95,102.93,99.4,93.06,107.61,99.39
2022M07,100.76,100.76,101.36,99.9,95.85,103.24,94.4,98.44,115.77,108.13
2022M08,102.14,102.13,102.85,101.61,94.03,107.62,90.45,101.67,111.25,108.66
2022M09,96.06,96.05,99.74,95.51,90.31,100.51,86.69,92.28,105.17,104.32
2022M10,94.48,94.46,100.06,93.91,89.66,97.9,86.97,91.31,103.87,104.47
2022M11,94.53,94.51,102.72,94.44,91.84,98.24,83.28,96.15,95.49,98.21
2022M12,94.16,94.12,110.55,94.02,92.37,95.86,87.19,98.07,94.99,105.46
2023M01,79.19,79.18,85.59,78.68,71.64,82.64,76.34,75.92,88.28,103.29
2023M02,79.19,79.17,94.64,78.81,81.84,76.64,81.93,80.93,85.96,91.36
2023M03,88.95,88.9,114,88.64,95.61,84.21,91,96.39,93.4,99.22
2023M04,76.66,76.61,100.19,76.11,82.32,71.75,80.82,81.71,86.03,97.68
