"工業生產指數-月 依 期間, 指標 與 種類"

" ","總指數"," ","總指數(不含土石採取業)"," ","礦業及土石採取業"," ","製造業"," ","金屬機電工業"," ","資訊電子工業"," ","化學工業"," ","民生工業"," ","電力及燃氣供應業"," ","用水供應業"," "
" ","原始值","年增率(%)","原始值","年增率(%)","原始值","年增率(%)","原始值","年增率(%)","原始值","年增率(%)","原始值","年增率(%)","原始值","年增率(%)","原始值","年增率(%)","原始值","年增率(%)","原始值","年增率(%)"
"1982M01",-,-,11.22,-43.02,-,-,10.76,-44.76,16.18,-33.06,1.34,-56.91,19.89,-23.56,76.97,-27.23,14.35,-26.93,33.07,5.15
"1982M02",-,-,11.89,-40.67,-,-,11.46,-26.40,17.36,-10.47,1.57,-40.75,20.97,-2.74,80.28,4.37,14.90,-7.97,30.43,3.22
"1982M03",-,-,13.37,-34.75,-,-,12.86,-35.18,19.06,-21.50,1.76,-49.57,22.98,-12.62,93.00,-5.91,17.04,-14.46,33.25,4.69
"1982M04",-,-,12.93,-36.09,-,-,12.41,-37.92,18.71,-24.65,1.81,-49.86,21.92,-15.43,88.07,-12.38,16.42,-17.94,32.28,3.69
"1982M05",-,-,13.17,-36.10,-,-,12.60,-37.53,19.30,-21.19,1.80,-50.14,23.16,-11.60,86.18,-14.93,18.06,-13.34,35.22,10.03
"1982M06",-,-,12.74,-36.59,-,-,12.14,-39.21,17.78,-31.19,1.78,-51.23,22.33,-13.72,84.36,-11.98,18.24,-12.22,34.81,10.23
"1982M07",-,-,13.10,-31.09,-,-,12.47,-38.60,18.68,-23.06,1.88,-53.23,22.85,-10.39,84.96,-16.63,19.52,-12.66,37.20,9.64
"1982M08",-,-,12.64,-35.48,-,-,11.96,-41.26,18.27,-28.77,1.84,-51.83,21.16,-17.25,82.62,-19.36,19.62,-16.05,37.86,9.61
"1982M09",-,-,12.97,-33.25,-,-,12.34,-36.06,18.33,-23.02,1.81,-49.44,22.73,-5.57,85.09,-12.92,18.91,-8.96,38.52,10.34
"1982M10",-,-,12.71,-35.45,-,-,12.09,-37.84,17.90,-22.54,1.62,-57.03,23.49,-7.34,81.76,-13.82,18.15,-13.07,38.42,8.13
"1982M11",-,-,12.45,-35.19,-,-,11.89,-36.59,18.20,-21.31,1.62,-53.71,22.59,-10.43,80.15,-11.63,16.99,-10.95,37.01,7.43
"1982M12",-,-,14.11,-31.60,-,-,13.61,-34.38,20.27,-15.47,1.88,-49.60,25.42,-7.76,94.40,-12.74,17.20,-12.56,37.01,10.44
"1983M01",-,-,13.62,21.39,-,-,13.11,21.84,19.05,17.74,1.77,32.09,24.89,25.14,91.29,18.60,17.20,19.86,36.87,11.49
"1983M02",-,-,10.97,-7.74,-,-,10.56,-7.85,15.85,-8.70,1.52,-3.18,20.42,-2.62,69.66,-13.23,14.00,-6.04,34.32,12.78
"1983M03",-,-,14.07,5.24,-,-,13.58,5.60,19.80,3.88,2.03,15.34,25.88,12.62,91.24,-1.89,17.44,2.35,36.82,10.74
"1983M04",-,-,14.02,8.43,-,-,13.50,8.78,20.98,12.13,2.12,17.13,23.21,5.89,94.30,7.07,17.88,8.89,36.57,13.29
"1983M05",-,-,14.61,10.93,-,-,14.02,11.27,21.31,10.41,2.20,22.22,25.96,12.09,93.06,7.98,19.70,9.08,38.65,9.74
"1983M06",-,-,14.85,16.56,-,-,14.23,17.22,20.97,17.94,2.37,33.15,26.46,18.50,93.41,10.73,20.64,13.16,38.97,11.95
"1983M07",-,-,15.31,16.87,-,-,14.53,16.52,21.62,15.74,2.50,32.98,26.93,17.86,94.61,11.36,23.32,19.47,41.25,10.89
"1983M08",-,-,15.39,21.76,-,-,14.68,22.74,22.16,21.29,2.63,42.93,26.29,24.24,95.91,16.09,22.56,14.98,40.70,7.50
"1983M09",-,-,14.99,15.57,-,-,14.34,16.21,22.32,21.77,2.48,37.02,26.04,14.56,92.30,8.47,21.50,13.70,40.25,4.49
"1983M10",-,-,14.97,17.78,-,-,14.30,18.28,22.98,28.38,2.36,45.68,26.72,13.75,89.41,9.36,21.24,17.02,40.51,5.44
"1983M11",-,-,15.04,20.80,-,-,14.51,22.04,22.51,23.68,2.44,50.62,28.06,24.21,88.85,10.85,18.80,10.65,39.60,7.00
"1983M12",-,-,15.89,12.62,-,-,15.40,13.15,23.70,16.92,2.54,35.11,28.66,12.75,99.12,5.00,18.99,10.41,38.95,5.24
"1984M01",-,-,16.48,21.00,-,-,16.04,22.35,22.83,19.84,2.55,44.07,29.39,18.08,110.62,21.17,18.76,9.07,38.52,4.48
"1984M02",-,-,13.09,19.33,-,-,12.67,19.98,18.33,15.65,2.18,43.42,24.66,20.76,79.75,14.48,16.24,16.00,36.00,4.90
"1984M03",-,-,16.51,17.34,-,-,15.99,17.75,23.09,16.62,2.90,42.86,29.25,13.02,104.81,14.87,20.02,14.79,38.30,4.02
"1984M04",-,-,15.96,13.84,-,-,15.46,14.52,22.80,8.67,2.86,34.91,28.39,22.32,98.86,4.84,19.56,9.40,37.97,3.83
"1984M05",-,-,17.15,17.39,-,-,16.61,18.47,23.60,10.75,3.15,43.18,31.98,23.19,102.61,10.26,21.09,7.06,39.33,1.76
"1984M06",-,-,16.60,11.78,-,-,15.98,12.30,23.58,12.45,3.12,31.65,30.15,13.95,96.97,3.81,22.45,8.77,40.52,3.98
"1984M07",-,-,17.20,12.34,-,-,16.51,13.63,24.20,11.93,3.11,24.40,30.84,14.52,103.42,9.31,24.85,6.56,42.58,3.22
"1984M08",-,-,17.11,11.18,-,-,16.43,11.92,24.36,9.93,3.19,21.29,30.91,17.57,100.18,4.45,24.03,6.52,43.31,6.41
"1984M09",-,-,15.66,4.47,-,-,14.99,4.53,22.69,1.66,2.84,14.52,28.05,7.72,91.59,-0.77,22.32,3.81,43.44,7.93
"1984M10",-,-,15.80,5.54,-,-,15.16,6.01,22.83,-0.65,2.92,23.73,27.86,4.27,94.01,5.14,21.80,2.64,43.46,7.28
"1984M11",-,-,15.91,5.78,-,-,15.37,5.93,23.58,4.75,2.90,18.85,28.56,1.78,94.06,5.86,20.41,8.56,41.61,5.08
"1984M12",-,-,16.77,5.54,-,-,16.27,5.65,23.86,0.68,2.93,15.35,30.65,6.94,103.02,3.93,20.26,6.69,41.49,6.52
"1985M01",-,-,17.12,3.88,-,-,16.66,3.87,23.98,5.04,2.97,16.47,31.17,6.06,107.49,-2.83,20.32,8.32,40.52,5.19
"1985M02",-,-,13.88,6.04,-,-,13.48,6.39,19.39,5.78,2.51,15.14,25.59,3.77,84.40,5.83,16.87,3.88,39.82,10.61
"1985M03",-,-,16.79,1.70,-,-,16.26,1.69,22.37,-3.12,3.05,5.17,30.54,4.41,105.01,0.19,21.18,5.79,40.50,5.74
"1985M04",-,-,16.86,5.64,-,-,16.35,5.76,24.09,5.66,3.09,8.04,29.82,5.04,104.12,5.32,20.94,7.06,40.72,7.24
"1985M05",-,-,17.20,0.29,-,-,16.50,-0.66,24.05,1.91,3.04,-3.49,30.86,-3.50,104.56,1.90,24.02,13.89,43.42,10.40
"1985M06",-,-,16.54,-0.36,-,-,15.89,-0.56,24.20,2.63,2.83,-9.29,29.89,-0.86,98.89,1.98,23.19,3.30,43.88,8.29
"1985M07",-,-,17.10,-0.58,-,-,16.32,-1.15,23.92,-1.16,2.75,-11.58,31.80,3.11,102.67,-0.73,25.42,2.29,46.22,8.55
"1985M08",-,-,16.69,-2.45,-,-,15.93,-3.04,23.65,-2.91,2.67,-16.30,31.11,0.65,99.19,-0.99,25.15,4.66,46.51,7.39
"1985M09",-,-,16.09,2.75,-,-,15.38,2.60,22.69,0.00,2.60,-8.45,30.23,7.77,95.20,3.94,23.72,6.27,46.40,6.81
"1985M10",-,-,16.71,5.76,-,-,16.02,5.67,23.32,2.15,2.43,-16.78,32.70,17.37,99.99,6.36,23.75,8.94,47.06,8.28
"1985M11",-,-,16.39,3.02,-,-,15.83,2.99,22.88,-2.97,2.45,-15.52,32.08,12.32,99.34,5.61,21.39,4.80,44.93,7.98
"1985M12",-,-,18.21,8.59,-,-,17.69,8.73,25.47,6.75,2.71,-7.51,36.13,17.88,110.61,7.37,22.14,9.28,44.87,8.15
"1986M01",-,-,18.66,9.00,-,-,18.15,8.94,25.67,7.05,2.92,-1.68,35.90,15.17,116.51,8.39,22.60,11.22,43.82,8.14
"1986M02",-,-,14.20,2.31,-,-,13.76,2.08,19.50,0.57,2.36,-5.98,27.54,7.62,84.83,0.51,18.30,8.48,40.82,2.51
"1986M03",-,-,20.18,20.19,-,-,19.74,21.40,31.72,41.80,3.48,14.10,36.76,20.37,120.52,14.77,22.98,8.50,43.16,6.57
"1986M04",-,-,18.20,7.95,-,-,17.62,7.77,25.27,4.90,3.31,7.12,34.62,16.10,106.03,1.83,23.65,12.94,43.47,6.75
"1986M05",-,-,19.11,11.10,-,-,18.48,12.00,26.41,9.81,3.42,12.50,36.64,18.73,111.04,6.20,25.48,6.08,44.98,3.59
"1986M06",-,-,18.72,13.18,-,-,18.05,13.59,26.78,10.66,3.35,18.37,35.40,18.43,107.17,8.37,26.23,13.11,43.85,-0.07
"1986M07",-,-,19.60,14.62,-,-,18.78,15.07,28.47,19.02,3.69,34.18,34.44,8.30,115.15,12.16,29.16,14.71,48.36,4.63
"1986M08",-,-,19.62,17.56,-,-,18.83,18.20,27.77,17.42,3.82,43.07,35.03,12.60,113.82,14.75,28.64,13.88,49.93,7.35
"1986M09",-,-,19.12,18.83,-,-,18.44,19.90,27.23,20.01,3.63,39.62,35.51,17.47,109.04,14.54,26.57,12.02,49.78,7.28
"1986M10",-,-,20.27,21.30,-,-,19.66,22.72,28.91,23.97,3.93,61.73,38.14,16.64,114.68,14.69,26.25,10.53,49.80,5.82
"1986M11",-,-,19.77,20.62,-,-,19.22,21.42,28.64,25.17,3.86,57.55,38.22,19.14,108.11,8.83,24.76,15.76,48.52,7.99
"1986M12",-,-,21.52,18.18,-,-,21.02,18.82,30.98,21.63,4.23,56.09,41.22,14.09,120.50,8.94,25.47,15.04,48.23,7.49
"1987M01",-,-,19.86,6.43,-,-,19.36,6.67,27.82,8.38,3.56,21.92,38.94,8.47,114.71,-1.54,23.66,4.69,47.30,7.94
"1987M02",-,-,18.43,29.79,-,-,17.97,30.60,24.93,27.85,3.61,52.97,36.61,32.93,102.68,21.04,22.35,22.13,44.23,8.35
"1987M03",-,-,21.36,5.85,-,-,20.81,5.42,30.29,-4.51,4.37,25.57,40.08,9.03,120.32,-0.17,26.14,13.75,47.34,9.68
"1987M04",-,-,21.52,18.24,-,-,21.00,19.18,31.32,23.94,4.39,32.63,39.34,13.63,123.28,16.27,26.01,9.98,47.20,8.58
"1987M05",-,-,21.63,13.19,-,-,20.96,13.42,31.58,19.58,4.20,22.81,40.18,9.66,121.95,9.83,28.29,11.03,49.22,9.43
"1987M06",-,-,21.48,14.74,-,-,20.75,14.96,32.15,20.05,4.36,30.15,38.80,9.60,119.07,11.10,29.26,11.55,48.90,11.52
"1987M07",-,-,22.02,12.35,-,-,21.18,12.78,33.59,17.98,4.54,23.04,38.77,12.57,120.85,4.95,32.01,9.77,52.22,7.98
"1987M08",-,-,21.93,11.77,-,-,20.98,11.42,32.90,18.47,4.45,16.49,38.41,9.65,121.69,6.91,33.40,16.62,53.04,6.23
"1987M09",-,-,20.96,9.62,-,-,20.23,9.71,31.65,16.23,4.44,22.31,36.76,3.52,115.95,6.34,29.00,9.15,53.38,7.23
"1987M10",-,-,21.32,5.18,-,-,20.59,4.73,31.34,8.41,4.57,16.28,38.90,1.99,114.74,0.05,29.06,10.70,53.06,6.55
"1987M11",-,-,20.85,5.46,-,-,20.23,5.25,30.71,7.23,4.39,13.73,39.81,4.16,108.88,0.71,27.02,9.13,51.48,6.10
"1987M12",-,-,22.68,5.39,-,-,22.14,5.33,33.15,7.00,4.95,17.02,42.24,2.47,122.77,1.88,26.83,5.34,51.10,5.95
"1988M01",-,-,22.06,11.08,-,-,21.49,11.00,33.57,20.67,4.56,28.09,42.27,8.55,115.06,0.31,26.82,13.36,51.50,8.88
"1988M02",-,-,18.47,0.22,-,-,17.95,-0.11,26.11,4.73,3.83,6.09,36.52,-0.25,96.42,-6.10,23.15,3.58,48.81,10.35
"1988M03",-,-,22.02,3.09,-,-,21.39,2.79,32.91,8.65,4.73,8.24,41.00,2.30,116.38,-3.27,28.02,7.19,50.99,7.71
"1988M04",-,-,21.80,1.30,-,-,21.18,0.86,32.71,4.44,4.68,6.61,40.23,2.26,116.43,-5.56,27.43,5.46,50.55,7.10
"1988M05",-,-,21.96,1.53,-,-,21.14,0.86,33.79,7.00,4.65,10.71,40.29,0.27,113.20,-7.18,31.27,10.53,53.49,8.68
"1988M06",-,-,22.06,2.70,-,-,21.14,1.88,33.86,5.32,4.83,10.78,39.95,2.96,111.53,-6.33,33.13,13.23,53.42,9.24
"1988M07",-,-,22.55,2.41,-,-,21.47,1.37,33.62,0.09,4.84,6.61,41.28,6.47,113.78,-5.85,36.60,14.34,56.97,9.10
"1988M08",-,-,22.78,3.88,-,-,21.77,3.77,34.45,4.71,5.04,13.26,41.17,7.19,114.61,-5.82,35.66,6.77,57.49,8.39
"1988M09",-,-,22.08,5.34,-,-,21.21,4.84,33.21,4.93,4.77,7.43,41.09,11.78,111.32,-3.99,32.50,12.07,56.94,6.67
"1988M10",-,-,22.13,3.80,-,-,21.37,3.79,34.92,11.42,4.79,4.81,41.00,5.40,110.25,-3.91,30.74,5.78,57.23,7.86
"1988M11",-,-,22.26,6.76,-,-,21.63,6.92,36.46,18.72,4.83,10.02,41.47,4.17,109.50,0.57,28.36,4.96,55.08,6.99
"1988M12",-,-,23.98,5.73,-,-,23.42,5.78,38.11,14.96,5.32,7.47,45.27,7.17,119.07,-3.01,29.02,8.16,55.43,8.47
"1989M01",-,-,23.10,4.71,-,-,22.47,4.56,36.40,8.43,4.87,6.80,44.09,4.31,117.32,1.96,28.13,4.88,55.58,7.92
"1989M02",-,-,18.02,-2.44,-,-,17.47,-2.67,26.53,1.61,3.67,-4.18,35.16,-3.72,94.94,-1.53,22.88,-1.17,51.13,4.75
"1989M03",-,-,24.12,9.54,-,-,23.49,9.82,38.91,18.23,5.33,12.68,44.62,8.83,121.49,4.39,29.26,4.43,54.51,6.90
"1989M04",-,-,23.12,6.06,-,-,22.46,6.04,37.29,14.00,5.00,6.84,43.08,7.08,114.83,-1.37,29.24,6.60,54.12,7.06
"1989M05",-,-,23.79,8.33,-,-,23.00,8.80,38.44,13.76,5.24,12.69,42.99,6.70,117.41,3.72,32.32,3.36,57.11,6.77
"1989M06",-,-,23.33,5.76,-,-,22.47,6.29,37.89,11.90,5.20,7.66,41.92,4.93,112.84,1.17,33.69,1.69,56.19,5.19
"1989M07",-,-,23.27,3.19,-,-,22.24,3.59,36.62,8.92,5.08,4.96,41.98,1.70,113.75,-0.03,37.03,1.17,60.52,6.23
"1989M08",-,-,23.97,5.22,-,-,22.96,5.47,37.81,9.75,5.23,3.77,43.63,5.98,116.52,1.67,37.25,4.46,61.72,7.36
"1989M09",-,-,22.49,1.86,-,-,21.62,1.93,35.36,6.47,4.87,2.10,40.77,-0.78,111.15,-0.15,33.06,1.72,61.04,7.20
"1989M10",-,-,22.32,0.86,-,-,21.50,0.61,36.15,3.52,4.80,0.21,42.09,2.66,105.73,-4.10,31.46,2.34,61.84,8.06
"1989M11",-,-,22.87,2.74,-,-,22.14,2.36,38.24,4.88,4.94,2.28,42.92,3.50,107.12,-2.17,29.96,5.64,60.72,10.24
"1989M12",-,-,23.35,-2.63,-,-,22.63,-3.37,37.75,-0.94,4.99,-6.20,44.35,-2.03,113.29,-4.85,29.97,3.27,59.81,7.90
"1990M01",-,-,20.15,-12.77,-,-,19.43,-13.53,31.03,-14.75,4.09,-16.02,38.74,-12.13,102.67,-12.49,27.51,-2.20,59.98,7.92
"1990M02",-,-,20.55,14.04,-,-,19.88,13.80,32.54,22.65,4.35,18.53,38.56,9.67,103.61,9.13,27.26,19.14,55.14,7.84
"1990M03",-,-,23.74,-1.58,-,-,23.01,-2.04,39.21,0.77,5.16,-3.19,44.68,0.13,113.21,-6.82,31.34,7.11,59.37,8.92
"1990M04",-,-,22.60,-2.25,-,-,21.86,-2.67,37.73,1.18,5.02,0.40,41.21,-4.34,108.19,-5.78,30.68,4.92,57.38,6.02
"1990M05",-,-,23.09,-2.94,-,-,22.20,-3.48,38.38,-0.16,5.21,-0.57,41.18,-4.21,108.92,-7.23,34.16,5.69,60.65,6.20
"1990M06",-,-,22.82,-2.19,-,-,21.86,-2.71,38.05,0.42,5.40,3.85,39.76,-5.15,105.44,-6.56,35.86,6.44,59.18,5.32
"1990M07",-,-,23.29,0.09,-,-,22.11,-0.58,37.40,2.13,5.25,3.35,41.07,-2.17,110.10,-3.21,40.13,8.37,63.73,5.30
"1990M08",-,-,23.62,-1.46,-,-,22.51,-1.96,38.29,1.27,5.28,0.96,42.26,-3.14,111.25,-4.52,39.03,4.78,64.43,4.39
"1990M09",-,-,22.67,0.80,-,-,21.70,0.37,36.78,4.02,5.12,5.13,41.45,1.67,105.41,-5.16,35.56,7.56,63.74,4.42
"1990M10",-,-,22.92,2.69,-,-,22.00,2.33,36.90,2.07,4.98,3.75,43.73,3.90,106.50,0.73,34.10,8.39,64.45,4.22
"1990M11",-,-,23.51,2.80,-,-,22.70,2.53,38.87,1.65,5.44,10.12,43.92,2.33,106.63,-0.46,32.68,9.08,62.68,3.23
"1990M12",-,-,24.06,3.04,-,-,23.32,3.05,40.06,6.12,5.43,8.82,44.48,0.29,113.39,0.09,32.11,7.14,63.23,5.72
"1991M01",-,-,23.26,15.43,-,-,22.42,15.39,37.52,20.92,5.03,22.98,44.26,14.25,110.71,7.83,32.50,18.14,62.10,3.53
"1991M02",-,-,18.86,-8.22,-,-,18.15,-8.70,29.23,-10.17,4.13,-5.06,36.32,-5.81,91.03,-12.14,26.54,-2.64,57.25,3.83
"1991M03",-,-,23.87,0.55,-,-,23.01,0.00,38.41,-2.04,5.44,5.43,44.57,-0.25,112.09,-0.99,33.60,7.21,62.46,5.20
"1991M04",-,-,23.41,3.58,-,-,22.54,3.11,39.04,3.47,5.42,7.97,42.41,2.91,107.76,-0.40,33.56,9.39,61.16,6.59
"1991M05",-,-,24.84,7.58,-,-,23.77,7.07,40.74,6.15,5.81,11.52,43.95,6.73,115.07,5.65,38.61,13.03,63.93,5.41
"1991M06",-,-,24.09,5.57,-,-,22.93,4.89,39.60,4.07,5.64,4.44,41.99,5.61,110.94,5.22,40.20,12.10,63.05,6.54
"1991M07",-,-,24.95,7.13,-,-,23.64,6.92,41.88,11.98,5.83,11.05,42.12,2.56,115.96,5.32,43.67,8.82,67.57,6.03
"1991M08",-,-,25.72,8.89,-,-,24.45,8.62,42.53,11.07,5.91,11.93,44.41,5.09,120.68,8.48,43.50,11.45,68.39,6.15
"1991M09",-,-,25.34,11.78,-,-,24.27,11.84,44.23,20.26,5.75,12.30,44.70,7.84,114.59,8.71,38.99,9.65,66.91,4.97
"1991M10",-,-,26.17,14.18,-,-,25.26,14.82,45.97,24.58,5.92,18.88,47.63,8.92,116.94,9.80,36.20,6.16,67.51,4.75
"1991M11",-,-,26.14,11.19,-,-,25.33,11.59,46.33,19.19,5.92,8.82,47.36,7.83,118.03,10.69,34.42,5.32,66.95,6.81
"1991M12",-,-,26.96,12.05,-,-,26.15,12.14,48.00,19.82,5.99,10.31,48.29,8.57,125.34,10.54,34.81,8.41,66.67,5.44
"1992M01",-,-,26.01,11.82,-,-,25.13,12.09,44.34,18.18,5.71,13.52,47.82,8.04,122.85,10.97,34.92,7.45,66.33,6.81
"1992M02",-,-,20.34,7.85,-,-,19.53,7.60,33.54,14.75,4.44,7.51,39.13,7.74,91.93,0.99,29.35,10.59,61.95,8.21
"1992M03",-,-,25.92,8.59,-,-,25.00,8.65,43.55,13.38,5.95,9.38,48.63,9.11,116.09,3.57,36.20,7.74,65.41,4.72
"1992M04",-,-,25.68,9.70,-,-,24.78,9.94,43.32,10.96,5.96,9.96,47.81,12.73,115.13,6.84,35.70,6.38,64.15,4.89
"1992M05",-,-,26.17,5.35,-,-,25.13,5.72,45.68,12.13,6.04,3.96,47.12,7.21,115.67,0.52,38.79,0.47,67.25,5.19
"1992M06",-,-,25.59,6.23,-,-,24.42,6.50,45.70,15.40,6.01,6.56,44.17,5.19,111.00,0.05,40.95,1.87,67.63,7.26
"1992M07",-,-,26.29,5.37,-,-,24.90,5.33,46.03,9.91,6.06,3.95,44.63,5.96,116.79,0.72,46.13,5.63,69.95,3.52
"1992M08",-,-,26.08,1.40,-,-,24.67,0.90,45.90,7.92,5.72,-3.21,45.63,2.75,115.80,-4.04,45.95,5.63,70.68,3.35
"1992M09",-,-,24.92,-1.66,-,-,23.73,-2.22,43.83,-0.90,5.68,-1.22,43.84,-1.92,108.93,-4.94,40.79,4.62,70.26,5.01
"1992M10",-,-,25.95,-0.84,-,-,24.90,-1.43,45.66,-0.67,6.06,2.36,45.76,-3.93,114.06,-2.46,38.28,5.75,75.42,11.72
"1992M11",-,-,25.28,-3.29,-,-,24.34,-3.91,45.28,-2.27,5.92,0.00,45.19,-4.58,109.20,-7.48,35.43,2.93,71.27,6.45
"1992M12",-,-,27.26,1.11,-,-,26.33,0.69,49.03,2.15,6.47,8.01,48.29,0.00,118.86,-5.17,36.72,5.49,73.38,10.06
"1993M01",-,-,21.83,-16.07,-,-,20.83,-17.11,36.66,-17.32,4.73,-17.16,41.26,-13.72,97.08,-20.98,33.03,-5.41,73.36,10.60
"1993M02",-,-,24.40,19.96,-,-,23.51,20.38,42.89,27.88,5.85,31.76,44.33,13.29,104.62,13.80,33.54,14.28,66.61,7.52
"1993M03",-,-,26.95,3.97,-,-,25.94,3.76,47.15,8.27,6.63,11.43,48.24,-0.80,114.77,-1.14,38.08,5.19,73.36,12.15
"1993M04",-,-,26.17,1.91,-,-,25.14,1.45,46.34,6.97,6.47,8.56,46.21,-3.35,109.98,-4.47,37.84,5.99,70.75,10.29
"1993M05",-,-,26.62,1.72,-,-,25.37,0.96,46.59,1.99,6.44,6.62,46.81,-0.66,111.63,-3.49,42.78,10.29,73.78,9.71
"1993M06",-,-,26.13,2.11,-,-,24.77,1.43,45.59,-0.24,6.47,7.65,45.91,3.94,105.44,-5.01,44.76,9.30,73.05,8.01
"1993M07",-,-,27.52,4.68,-,-,25.91,4.06,47.99,4.26,6.60,8.91,47.25,5.87,113.74,-2.61,51.09,10.75,77.45,10.72
"1993M08",-,-,27.08,3.83,-,-,25.47,3.24,46.84,2.05,6.48,13.29,47.31,3.68,110.65,-4.45,50.77,10.49,77.56,9.73
"1993M09",-,-,26.74,7.30,-,-,25.39,7.00,45.40,3.58,6.72,18.31,47.42,8.17,108.74,-0.17,45.35,11.18,74.48,6.01
"1993M10",-,-,26.57,2.39,-,-,25.36,1.85,45.11,-1.20,6.63,9.41,47.94,4.76,109.08,-4.37,41.85,9.33,76.16,0.98
"1993M11",-,-,26.26,3.88,-,-,25.14,3.29,45.24,-0.09,6.67,12.67,47.08,4.18,106.89,-2.12,39.95,12.76,73.13,2.61
"1993M12",-,-,28.44,4.33,-,-,27.41,4.10,49.06,0.06,7.16,10.66,51.20,6.03,119.58,0.61,39.75,8.25,74.29,1.24
"1994M01",-,-,26.47,21.26,-,-,25.34,21.65,44.78,22.15,6.40,35.31,48.02,16.38,114.87,18.33,39.24,18.80,72.63,-1.00
"1994M02",-,-,21.71,-11.02,-,-,20.73,-11.82,35.79,-16.55,5.26,-10.09,41.63,-6.09,90.03,-13.95,33.07,-1.40,66.63,0.03
"1994M03",-,-,28.36,5.23,-,-,27.22,4.93,48.47,2.80,7.31,10.26,51.27,6.28,116.14,1.19,41.24,8.30,73.09,-0.37
"1994M04",-,-,27.75,6.04,-,-,26.52,5.49,48.57,4.81,6.90,6.65,49.19,6.45,114.60,4.20,43.61,15.25,72.23,2.09
"1994M05",-,-,28.23,6.05,-,-,26.81,5.68,48.90,4.96,7.22,12.11,49.94,6.69,112.36,0.65,48.14,12.53,74.45,0.91
"1994M06",-,-,28.42,8.76,-,-,26.93,8.72,48.12,5.55,7.46,15.30,50.86,10.78,110.57,4.87,49.98,11.66,75.48,3.33
"1994M07",-,-,28.11,2.14,-,-,26.46,2.12,48.60,1.27,7.10,7.58,48.74,3.15,111.95,-1.57,53.37,4.46,80.36,3.76
"1994M08",-,-,27.93,3.14,-,-,26.37,3.53,46.83,-0.02,7.18,10.80,48.72,2.98,113.48,2.56,51.29,1.02,81.01,4.45
"1994M09",-,-,28.03,4.82,-,-,26.63,4.88,47.80,5.29,7.39,9.97,48.86,3.04,112.08,3.07,47.27,4.23,81.33,9.20
"1994M10",-,-,28.52,7.34,-,-,27.18,7.18,50.16,11.19,7.39,11.46,50.92,6.22,110.37,1.18,45.65,9.08,83.11,9.13
"1994M11",-,-,29.57,12.60,-,-,28.35,12.77,51.74,14.37,7.94,19.04,52.72,11.98,114.12,6.76,43.50,8.89,80.63,10.26
"1994M12",-,-,30.15,6.01,-,-,28.93,5.55,51.98,5.95,8.16,13.97,52.71,2.95,120.42,0.70,43.59,9.66,81.78,10.08
"1995M01",-,-,28.02,5.86,-,-,26.83,5.88,48.55,8.42,7.23,12.97,50.04,4.21,113.01,-1.62,41.40,5.50,82.45,13.52
"1995M02",-,-,24.56,13.13,-,-,23.48,13.27,40.62,13.50,6.74,28.14,45.06,8.24,94.44,4.90,36.88,11.52,74.67,12.07
"1995M03",-,-,31.24,10.16,-,-,30.03,10.32,53.75,10.89,8.92,22.02,54.31,5.93,119.19,2.63,44.54,8.00,80.29,9.85
"1995M04",-,-,29.13,4.97,-,-,27.85,5.02,49.61,2.14,7.97,15.51,52.88,7.50,109.79,-4.20,45.27,3.81,75.07,3.93
"1995M05",-,-,31.11,10.20,-,-,29.71,10.82,54.01,10.45,8.69,20.36,54.47,9.07,116.05,3.28,50.36,4.61,74.96,0.69
"1995M06",-,-,29.95,5.38,-,-,28.40,5.46,51.08,6.15,8.54,14.48,51.76,1.77,109.30,-1.15,53.27,6.58,71.08,-5.83
"1995M07",-,-,29.75,5.83,-,-,28.00,5.82,51.13,5.21,8.29,16.76,50.30,3.20,109.83,-1.89,56.77,6.37,81.99,2.03
"1995M08",-,-,30.00,7.41,-,-,28.28,7.24,50.08,6.94,8.53,18.80,51.04,4.76,112.03,-1.28,56.46,10.08,82.81,2.22
"1995M09",-,-,29.28,4.46,-,-,27.70,4.02,49.91,4.41,8.53,15.43,49.29,0.88,106.20,-5.25,52.36,10.77,79.80,-1.88
"1995M10",-,-,28.95,1.51,-,-,27.45,0.99,48.75,-2.81,8.40,13.67,48.78,-4.20,108.26,-1.91,50.18,9.92,82.02,-1.31
"1995M11",-,-,29.38,-0.64,-,-,28.11,-0.85,49.40,-4.52,8.61,8.44,50.76,-3.72,110.00,-3.61,44.88,3.17,78.77,-2.31
"1995M12",-,-,29.64,-1.69,-,-,28.39,-1.87,48.73,-6.25,8.58,5.15,52.73,0.04,112.56,-6.53,44.46,2.00,78.36,-4.18
"1996M01",29.62,-,29.53,5.39,227.68,-,28.25,5.29,49.36,1.67,8.31,14.94,53.19,6.29,111.57,-1.27,48.34,16.76,75.54,-8.38
"1996M02",24.80,-,24.71,0.61,220.77,-,23.56,0.34,40.28,-0.84,6.99,3.71,45.11,0.11,92.50,-2.05,41.73,13.15,72.47,-2.95
"1996M03",29.68,-,29.58,-5.31,243.43,-,28.25,-5.93,50.44,-6.16,8.67,-2.80,51.18,-5.76,107.89,-9.48,49.53,11.20,76.25,-5.03
"1996M04",29.68,-,29.58,1.54,233.78,-,28.31,1.65,51.34,3.49,8.43,5.77,52.31,-1.08,107.35,-2.22,48.77,7.73,74.21,-1.15
"1996M05",30.88,-,30.78,-1.06,213.57,-,29.36,-1.18,53.29,-1.33,8.83,1.61,53.82,-1.19,110.95,-4.39,53.43,6.10,75.00,0.05
"1996M06",30.03,-,29.92,-0.10,202.51,-,28.18,-0.77,51.00,-0.16,8.52,-0.23,52.05,0.56,105.48,-3.49,60.62,13.80,77.50,9.03
"1996M07",30.71,-,30.61,2.89,201.67,-,28.70,2.50,50.92,-0.41,8.54,3.02,53.82,7.00,110.30,0.43,65.24,14.92,80.28,-2.09
"1996M08",30.86,-,30.74,2.47,189.38,-,28.96,2.40,52.07,3.97,8.41,-1.41,54.26,6.31,112.90,0.78,62.22,10.20,82.06,-0.91
"1996M09",30.09,-,29.99,2.42,191.22,-,28.26,2.02,48.83,-2.16,8.73,2.34,52.72,6.96,107.73,1.44,60.05,14.69,82.92,3.91
"1996M10",31.29,-,31.18,7.70,206.42,-,29.63,7.94,50.44,3.47,9.47,12.74,55.74,14.27,108.78,0.48,56.48,12.55,83.07,1.28
"1996M11",31.73,-,31.63,7.66,210.02,-,30.26,7.65,52.97,7.23,9.70,12.66,56.02,10.36,108.85,-1.05,52.93,17.94,77.27,-1.90
"1996M12",32.89,-,32.77,10.56,216.66,-,31.47,10.85,57.35,17.69,9.88,15.15,57.59,9.22,112.08,-0.43,51.76,16.42,82.35,5.09
"1997M01",31.40,6.01,31.29,5.96,222.31,-2.36,29.92,5.91,53.99,9.38,8.73,5.05,56.65,6.50,113.96,2.14,51.93,7.43,81.63,8.06
"1997M02",25.18,1.53,25.09,1.54,188.51,-14.61,23.89,1.40,41.01,1.81,7.22,3.29,47.06,4.32,88.20,-4.65,43.25,3.64,74.71,3.09
"1997M03",32.89,10.82,32.77,10.78,228.67,-6.06,31.37,11.04,56.04,11.10,9.82,13.26,57.97,13.27,114.02,5.68,53.84,8.70,68.66,-9.95
"1997M04",31.80,7.14,31.68,7.10,225.12,-3.70,30.24,6.82,55.55,8.20,9.36,11.03,56.20,7.44,106.61,-0.69,54.23,11.20,78.91,6.33
"1997M05",33.09,7.16,32.97,7.12,240.80,12.75,31.32,6.68,58.24,9.29,9.63,9.06,57.65,7.12,110.92,-0.03,60.69,13.59,77.51,3.35
"1997M06",31.55,5.06,31.45,5.11,211.76,4.57,29.79,5.71,55.22,8.27,9.42,10.56,53.95,3.65,104.02,-1.38,59.69,-1.53,78.39,1.15
"1997M07",32.95,7.29,32.84,7.29,204.63,1.47,30.91,7.70,56.17,10.31,9.79,14.64,56.76,5.46,108.88,-1.29,67.13,2.90,83.23,3.67
"1997M08",32.66,5.83,32.55,5.89,193.35,2.10,30.62,5.73,55.20,6.01,9.79,16.41,55.29,1.90,109.52,-2.99,67.31,8.18,83.91,2.25
"1997M09",32.58,8.28,32.47,8.27,198.98,4.06,30.78,8.92,54.88,12.39,10.45,19.70,54.43,3.24,105.08,-2.46,61.04,1.65,84.26,1.62
"1997M10",34.63,10.67,34.53,10.74,214.40,3.87,32.89,11.00,60.12,19.19,11.37,20.06,56.68,1.69,108.66,-0.11,61.06,8.11,84.62,1.87
"1997M11",33.52,5.64,33.41,5.63,202.42,-3.62,31.97,5.65,57.96,9.42,11.22,15.67,54.94,-1.93,104.42,-4.07,55.67,5.18,82.29,6.50
"1997M12",35.81,8.88,35.70,8.94,224.89,3.80,34.26,8.87,63.02,9.89,11.90,20.45,58.68,1.89,112.10,0.02,56.87,9.87,85.04,3.27
"1998M01",29.36,-6.50,29.24,-6.55,202.13,-9.08,27.82,-7.02,49.16,-8.95,8.85,1.37,52.15,-7.94,98.19,-13.84,51.90,-0.06,85.08,4.23
"1998M02",30.34,20.49,30.22,20.45,193.27,2.53,28.92,21.05,50.46,23.04,10.11,40.03,51.44,9.31,96.32,9.21,50.09,15.82,78.85,5.54
"1998M03",34.19,3.95,34.05,3.91,212.89,-6.90,32.59,3.89,58.21,3.87,11.29,14.97,57.44,-0.91,107.83,-5.43,57.02,5.91,84.38,22.90
"1998M04",33.60,5.66,33.46,5.62,210.67,-6.42,31.87,5.39,57.70,3.87,10.59,13.14,56.97,1.37,108.51,1.78,60.18,10.97,81.37,3.12
"1998M05",33.42,1.00,33.28,0.94,200.73,-16.64,31.46,0.45,56.84,-2.40,10.53,9.35,56.56,-1.89,105.67,-4.73,65.88,8.55,78.61,1.42
"1998M06",33.54,6.31,33.41,6.23,194.02,-8.38,31.56,5.94,56.42,2.17,10.96,16.35,55.03,2.00,105.19,1.12,66.95,12.16,79.49,1.40
"1998M07",34.01,3.22,33.88,3.17,200.57,-1.98,31.69,2.52,57.06,1.58,10.84,10.73,54.59,-3.82,109.12,0.22,74.76,11.37,86.17,3.53
"1998M08",33.83,3.58,33.69,3.50,197.10,1.94,31.49,2.84,54.76,-0.80,10.93,11.64,55.41,0.22,108.18,-1.22,75.01,11.44,88.36,5.30
"1998M09",34.41,5.62,34.28,5.57,194.20,-2.40,32.43,5.36,55.09,0.38,11.90,13.88,57.26,5.20,104.22,-0.82,66.59,9.09,87.45,3.79
"1998M10",35.01,1.10,34.87,0.98,188.68,-12.00,33.16,0.82,56.27,-6.40,12.47,9.67,58.27,2.81,102.68,-5.50,63.68,4.29,90.38,6.81
"1998M11",34.63,3.31,34.50,3.26,197.04,-2.66,32.98,3.16,55.70,-3.90,12.58,12.12,57.14,4.00,101.82,-2.49,58.86,5.73,86.78,5.46
"1998M12",35.32,-1.37,35.20,-1.40,207.70,-7.64,33.71,-1.61,59.45,-5.66,12.23,2.77,58.05,-1.07,108.06,-3.60,58.23,2.39,88.51,4.08
"1999M01",34.14,16.28,34.02,16.35,195.47,-3.29,32.46,16.68,56.81,15.56,11.34,28.14,55.18,5.81,110.30,12.33,58.40,12.52,85.43,0.41
"1999M02",28.23,-6.95,28.14,-6.88,170.60,-11.73,26.72,-7.61,44.80,-11.22,9.70,-4.06,47.81,-7.06,86.06,-10.65,50.33,0.48,80.66,2.30
"1999M03",36.60,7.05,36.50,7.20,194.99,-8.41,34.90,7.09,60.03,3.13,13.11,16.12,60.14,4.70,108.55,0.67,60.71,6.47,84.58,0.24
"1999M04",36.32,8.10,36.20,8.19,193.20,-8.29,34.63,8.66,59.64,3.36,12.43,17.37,62.23,9.23,108.60,0.08,60.43,0.42,84.08,3.33
"1999M05",36.86,10.29,36.73,10.37,194.03,-3.34,34.98,11.19,59.75,5.12,12.70,20.61,64.33,13.74,105.90,0.22,66.00,0.18,86.07,9.49
"1999M06",36.58,9.06,36.45,9.10,190.20,-1.97,34.53,9.41,58.28,3.30,13.21,20.53,59.36,7.87,107.38,2.08,71.27,6.45,86.71,9.08
"1999M07",36.84,8.32,36.72,8.38,183.50,-8.51,34.63,9.28,59.43,4.15,12.95,19.46,60.01,9.93,107.83,-1.18,75.93,1.57,89.26,3.59
"1999M08",36.77,8.69,36.64,8.76,184.42,-6.43,34.55,9.72,56.18,2.59,13.31,21.77,60.92,9.94,108.24,0.06,75.70,0.92,91.36,3.40
"1999M09",34.00,-1.19,33.89,-1.14,166.71,-14.16,32.10,-1.02,53.26,-3.32,12.45,4.62,56.08,-2.06,97.88,-6.08,65.24,-2.03,91.17,4.25
"1999M10",37.80,7.97,37.67,8.03,166.50,-11.76,35.96,8.44,58.43,3.84,14.47,16.04,62.57,7.38,107.09,4.29,65.65,3.09,91.46,1.19
"1999M11",38.14,10.14,38.03,10.23,180.18,-8.56,36.42,10.43,58.23,4.54,15.09,19.95,63.47,11.08,105.25,3.37,62.17,5.62,92.94,7.10
"1999M12",39.02,10.48,38.90,10.51,186.70,-10.11,37.32,10.71,62.57,5.25,15.10,23.47,62.62,7.87,110.47,2.23,61.77,6.08,94.70,6.99
"2000M01",37.57,10.05,37.45,10.08,187.27,-4.20,35.80,10.29,58.80,3.50,14.09,24.25,59.76,8.30,114.56,3.86,62.41,6.87,94.77,10.93
"2000M02",30.92,9.53,30.82,9.52,153.71,-9.90,29.29,9.62,46.13,2.97,11.89,22.58,52.89,10.63,85.26,-0.93,55.25,9.78,89.36,10.79
"2000M03",40.19,9.81,40.07,9.78,184.22,-5.52,38.47,10.23,62.74,4.51,15.81,20.59,64.86,7.85,114.59,5.56,63.49,4.58,94.33,11.53
"2000M04",37.71,3.83,37.60,3.87,173.16,-10.37,35.98,3.90,59.28,-0.60,14.78,18.91,60.60,-2.62,106.03,-2.37,62.13,2.81,93.99,11.79
"2000M05",40.02,8.57,39.89,8.60,153.29,-21.00,38.06,8.81,63.01,5.46,15.88,25.04,62.85,-2.30,111.21,5.01,70.52,6.85,96.32,11.91
"2000M06",39.88,9.02,39.74,9.03,165.48,-13.00,37.72,9.24,61.95,6.30,16.44,24.45,60.96,2.70,105.66,-1.60,76.08,6.75,101.53,17.09
"2000M07",39.32,6.73,39.20,6.75,146.55,-20.14,37.00,6.84,59.66,0.39,15.88,22.63,60.71,1.17,107.29,-0.50,80.40,5.89,107.32,20.23
"2000M08",39.95,8.65,39.84,8.73,150.57,-18.35,37.73,9.20,59.15,5.29,16.32,22.61,63.50,4.24,108.63,0.36,77.85,2.84,106.54,16.62
"2000M09",40.04,17.76,39.91,17.76,156.29,-6.25,38.02,18.44,59.23,11.21,16.98,36.39,63.04,12.41,106.02,8.32,71.78,10.02,104.72,14.86
"2000M10",40.51,7.17,40.38,7.19,176.67,6.11,38.44,6.90,58.94,0.87,17.44,20.53,64.47,3.04,104.47,-2.45,72.71,10.75,107.99,18.07
"2000M11",39.32,3.09,39.19,3.05,170.75,-5.23,37.45,2.83,57.26,-1.67,16.63,10.21,64.21,1.17,103.61,-1.56,66.12,6.35,103.84,11.73
"2000M12",39.23,0.54,39.09,0.49,202.16,8.28,37.33,0.03,59.63,-4.70,15.45,2.32,64.72,3.35,108.91,-1.41,65.63,6.25,106.62,12.59
"2001M01",33.33,-11.29,33.24,-11.24,174.73,-6.70,31.48,-12.07,46.12,-21.56,12.76,-9.44,59.01,-1.26,95.52,-16.62,61.25,-1.86,105.70,11.53
"2001M02",34.88,12.81,34.76,12.78,175.65,14.27,33.16,13.21,50.43,9.32,13.79,15.98,60.55,14.48,95.37,11.86,59.39,7.49,95.73,7.13
"2001M03",38.71,-3.68,38.59,-3.69,199.04,8.04,36.82,-4.29,56.85,-9.39,15.16,-4.11,67.34,3.82,105.35,-8.06,65.79,3.62,105.98,12.35
"2001M04",35.25,-6.52,35.14,-6.54,180.75,4.38,33.40,-7.17,52.48,-11.47,13.06,-11.64,62.87,3.75,97.76,-7.80,62.75,1.00,102.95,9.53
"2001M05",36.69,-8.32,36.59,-8.27,164.56,7.35,34.56,-9.20,53.90,-14.46,13.41,-15.55,66.55,5.89,100.02,-10.06,72.65,3.02,104.16,8.14
"2001M06",34.64,-13.14,34.54,-13.09,161.04,-2.68,32.35,-14.24,49.86,-19.52,12.57,-23.54,62.27,2.15,95.00,-10.09,76.08,0.00,102.10,0.56
"2001M07",34.43,-12.44,34.33,-12.42,159.68,8.96,32.00,-13.51,49.56,-16.93,12.24,-22.92,61.37,1.09,96.21,-10.33,80.13,-0.34,104.31,-2.80
"2001M08",36.52,-8.59,36.42,-8.58,158.39,5.19,34.02,-9.83,50.81,-14.10,13.24,-18.87,65.75,3.54,103.14,-5.05,83.51,7.27,105.49,-0.99
"2001M09",33.58,-16.13,33.48,-16.11,139.90,-10.49,31.52,-17.10,47.21,-20.29,12.45,-26.68,62.27,-1.22,89.74,-15.36,69.62,-3.01,99.59,-4.90
"2001M10",36.96,-8.76,36.86,-8.72,159.19,-9.89,34.94,-9.11,51.12,-13.27,14.50,-16.86,67.34,4.45,97.55,-6.62,70.28,-3.34,103.25,-4.39
"2001M11",35.74,-9.10,35.63,-9.08,168.47,-1.34,33.85,-9.61,50.75,-11.37,14.46,-13.05,61.81,-3.74,94.46,-8.83,64.53,-2.40,101.23,-2.51
"2001M12",35.34,-9.92,35.25,-9.82,193.70,-4.18,33.42,-10.47,50.02,-16.12,13.59,-12.04,62.62,-3.24,98.19,-9.84,64.57,-1.62,102.95,-3.44
"2002M01",36.49,9.48,36.39,9.48,205.33,17.51,34.54,9.72,51.43,11.51,14.15,10.89,66.42,12.56,96.94,1.49,66.03,7.80,103.20,-2.37
"2002M02",30.04,-13.88,29.96,-13.81,147.94,-15.78,28.33,-14.57,40.45,-19.79,12.07,-12.47,55.37,-8.55,76.23,-20.07,57.05,-3.94,92.35,-3.53
"2002M03",38.92,0.54,38.82,0.60,184.71,-7.20,36.97,0.41,55.31,-2.71,15.92,5.01,69.97,3.91,96.36,-8.53,68.77,4.53,101.12,-4.59
"2002M04",39.00,10.64,38.88,10.64,177.44,-1.83,37.02,10.84,54.92,4.65,16.07,23.05,70.04,11.40,96.21,-1.59,69.75,11.16,97.76,-5.04
"2002M05",40.72,10.98,40.61,10.99,174.59,6.10,38.65,11.83,59.18,9.80,16.77,25.06,71.76,7.83,98.95,-1.07,75.14,3.43,92.92,-10.79
"2002M06",38.31,10.59,38.20,10.60,158.74,-1.43,36.11,11.62,55.11,10.53,16.02,27.45,66.00,5.99,91.01,-4.20,77.78,2.23,91.00,-10.87
"2002M07",39.87,15.80,39.76,15.82,166.50,4.27,37.44,17.00,57.75,16.53,16.10,31.54,70.07,14.18,95.49,-0.75,84.29,5.19,96.72,-7.28
"2002M08",39.99,9.50,39.86,9.45,177.32,11.95,37.53,10.32,57.04,12.26,15.62,17.98,72.64,10.48,98.58,-4.42,84.71,1.44,99.31,-5.86
"2002M09",38.74,15.37,38.63,15.38,176.09,25.87,36.59,16.09,55.44,17.43,15.89,27.63,68.91,10.66,92.81,3.42,75.03,7.77,97.25,-2.35
"2002M10",40.66,10.01,40.53,9.96,199.42,25.27,38.52,10.25,58.41,14.26,16.89,16.48,73.08,8.52,94.32,-3.31,74.98,6.69,100.56,-2.61
"2002M11",39.66,10.97,39.52,10.92,220.08,30.63,37.73,11.46,57.66,13.62,16.79,16.11,69.79,12.91,92.32,-2.27,68.03,5.42,96.84,-4.34
"2002M12",39.90,12.90,39.76,12.79,219.08,13.10,37.94,13.52,60.29,20.53,16.35,20.31,69.56,11.08,95.10,-3.15,68.53,6.13,100.42,-2.46
"2003M01",40.62,11.32,40.49,11.27,206.26,0.45,38.65,11.90,58.63,14.00,16.63,17.53,73.07,10.01,99.33,2.47,69.23,4.85,101.38,-1.76
"2003M02",33.98,13.12,33.88,13.08,159.85,8.05,32.23,13.77,46.36,14.61,14.91,23.53,62.08,12.12,73.63,-3.41,61.02,6.96,91.33,-1.10
"2003M03",41.24,5.96,41.12,5.92,205.65,11.34,39.29,6.28,59.97,8.43,17.83,12.00,70.96,1.41,96.16,-0.21,69.63,1.25,99.22,-1.88
"2003M04",40.80,4.62,40.68,4.63,175.38,-1.16,38.83,4.89,59.54,8.41,17.71,10.21,70.42,0.54,92.69,-3.66,71.11,1.95,97.36,-0.41
"2003M05",41.31,1.45,41.18,1.40,170.05,-2.60,39.18,1.37,58.35,-1.40,17.62,5.07,74.75,4.17,92.42,-6.60,75.99,1.13,101.23,8.94
"2003M06",40.42,5.51,40.28,5.45,166.95,5.17,38.21,5.82,56.48,2.49,17.24,7.62,74.67,13.14,86.66,-4.78,77.79,0.01,97.40,7.03
"2003M07",43.08,8.05,42.96,8.05,159.03,-4.49,40.51,8.20,59.43,2.91,18.00,11.80,79.32,13.20,95.83,0.36,90.51,7.38,103.88,7.40
"2003M08",42.93,7.35,42.81,7.40,161.11,-9.14,40.42,7.70,56.96,-0.14,18.51,18.50,79.50,9.44,93.82,-4.83,88.48,4.45,103.42,4.14
"2003M09",42.55,9.83,42.44,9.86,154.31,-12.37,40.31,10.17,57.72,4.11,19.53,22.91,74.10,7.53,89.92,-3.11,80.77,7.65,101.14,4.00
"2003M10",45.63,12.22,45.51,12.29,156.51,-21.52,43.57,13.11,62.78,7.48,21.29,26.05,79.90,9.33,94.70,0.40,77.20,2.96,101.51,0.94
"2003M11",44.24,11.55,44.14,11.69,161.76,-26.50,42.31,12.14,59.92,3.92,20.95,24.78,78.00,11.76,90.38,-2.10,72.52,6.60,98.05,1.25
"2003M12",47.51,19.07,47.40,19.22,173.33,-20.88,45.64,20.30,67.52,11.99,21.43,31.07,85.36,22.71,101.58,6.81,73.06,6.61,99.11,-1.30
"2004M01",40.70,0.20,40.60,0.27,169.06,-18.04,38.76,0.28,61.64,5.13,15.45,-7.10,77.99,6.73,85.37,-14.05,70.79,2.25,98.68,-2.66
"2004M02",43.37,27.63,43.26,27.69,179.41,12.24,41.46,28.64,67.64,45.90,17.02,14.15,80.00,28.87,88.38,20.03,69.17,13.36,90.64,-0.76
"2004M03",47.90,16.15,47.81,16.27,153.56,-25.33,45.90,16.82,76.09,26.88,18.64,4.54,87.72,23.62,97.47,1.36,74.79,7.41,98.08,-1.15
"2004M04",46.43,13.80,46.33,13.89,155.02,-11.61,44.46,14.50,74.83,25.68,18.11,2.26,82.96,17.81,94.51,1.96,73.12,2.83,96.13,-1.26
"2004M05",47.29,14.48,47.17,14.55,162.43,-4.48,45.09,15.08,75.32,29.08,18.46,4.77,84.97,13.67,95.14,2.94,84.29,10.92,101.59,0.36
"2004M06",46.47,14.97,46.33,15.02,171.65,2.82,44.28,15.89,74.29,31.53,18.44,6.96,81.60,9.28,93.42,7.80,84.14,8.16,99.64,2.30
"2004M07",46.53,8.01,46.41,8.03,160.88,1.16,44.27,9.28,75.10,26.37,18.07,0.39,81.76,3.08,93.59,-2.34,88.42,-2.31,100.97,-2.80
"2004M08",46.05,7.27,45.94,7.31,155.65,-3.39,43.81,8.39,71.56,25.63,18.03,-2.59,84.81,6.68,92.21,-1.72,88.51,0.03,102.10,-1.28
"2004M09",46.08,8.30,45.96,8.29,154.73,0.27,43.97,9.08,73.42,27.20,18.50,-5.27,81.99,10.65,90.15,0.26,81.35,0.72,99.50,-1.62
"2004M10",47.06,3.13,46.95,3.16,159.14,1.68,45.02,3.33,74.15,18.11,19.30,-9.35,85.33,6.80,89.73,-5.25,75.59,-2.09,103.26,1.72
"2004M11",46.75,5.67,46.61,5.60,166.56,2.97,44.73,5.72,73.53,22.71,19.65,-6.21,82.36,5.59,90.28,-0.11,73.42,1.24,99.52,1.50
"2004M12",47.21,-0.63,47.06,-0.72,182.79,5.46,45.16,-1.05,76.21,12.87,19.05,-11.11,81.45,-4.58,95.05,-6.43,74.10,1.42,101.56,2.47
"2005M01",46.82,15.04,46.67,14.95,185.24,9.57,44.71,15.35,74.20,20.38,18.85,22.01,82.33,5.56,94.78,11.02,76.80,8.49,102.22,3.59
"2005M02",38.19,-11.94,38.09,-11.95,135.50,-24.47,36.40,-12.20,58.12,-14.07,16.13,-5.23,71.62,-10.48,68.57,-22.41,66.73,-3.53,92.26,1.79
"2005M03",48.75,1.77,48.61,1.67,170.89,11.29,46.64,1.61,78.52,3.19,19.96,7.08,85.62,-2.39,93.54,-4.03,77.50,3.62,100.81,2.78
"2005M04",47.18,1.62,47.06,1.58,153.44,-1.02,45.13,1.51,74.22,-0.82,19.85,9.61,82.46,-0.60,91.93,-2.73,77.39,5.84,98.03,1.98
"2005M05",47.55,0.55,47.42,0.53,142.14,-12.49,45.39,0.67,75.36,0.05,20.19,9.37,82.48,-2.93,89.23,-6.21,85.44,1.36,95.70,-5.80
"2005M06",47.50,2.22,47.40,2.31,139.49,-18.74,45.31,2.33,73.81,-0.65,21.14,14.64,80.77,-1.02,88.01,-5.79,87.09,3.51,99.36,-0.28
"2005M07",46.58,0.11,46.48,0.15,130.36,-18.97,44.33,0.14,69.26,-7.78,21.00,16.21,80.97,-0.97,88.57,-5.36,91.93,3.97,101.69,0.71
"2005M08",48.85,6.08,48.73,6.07,146.58,-5.83,46.56,6.28,70.13,-2.00,22.94,27.23,85.09,0.33,93.33,1.21,92.17,4.14,102.32,0.22
"2005M09",48.52,5.30,48.39,5.29,146.62,-5.24,46.36,5.44,70.05,-4.59,23.42,26.59,83.37,1.68,90.04,-0.12,84.43,3.79,100.00,0.50
"2005M10",49.61,5.42,49.50,5.43,135.30,-14.98,47.46,5.42,71.17,-4.02,24.24,25.60,86.73,1.64,89.03,-0.78,83.20,10.07,102.70,-0.54
"2005M11",49.37,5.60,49.27,5.71,140.34,-15.74,47.35,5.86,71.02,-3.41,24.51,24.73,84.32,2.38,90.08,-0.22,76.90,4.74,100.09,0.57
"2005M12",50.18,6.29,50.06,6.37,159.12,-12.95,48.10,6.51,73.98,-2.93,24.59,29.08,83.33,2.31,92.96,-2.20,77.80,4.99,102.57,0.99
"2006M01",47.86,2.22,47.72,2.25,161.84,-12.63,45.78,2.39,69.86,-5.85,22.99,21.96,81.35,-1.19,89.80,-5.25,77.41,0.79,103.55,1.30
"2006M02",43.57,14.09,43.46,14.10,136.90,1.03,41.73,14.64,63.21,8.76,22.26,38.00,73.99,3.31,72.32,5.47,69.09,3.54,92.24,-0.02
"2006M03",51.92,6.50,51.79,6.54,159.91,-6.43,49.83,6.84,79.49,1.24,25.44,27.45,84.35,-1.48,91.68,-1.99,77.54,0.05,102.64,1.82
"2006M04",49.58,5.09,49.45,5.08,149.63,-2.48,47.50,5.25,73.67,-0.74,24.47,23.27,83.43,1.18,85.95,-6.50,79.16,2.29,100.12,2.13
"2006M05",51.08,7.42,50.96,7.47,146.59,3.13,48.87,7.67,75.51,0.20,24.79,22.78,87.36,5.92,89.89,0.74,85.99,0.64,103.75,8.41
"2006M06",49.87,4.99,49.74,4.94,142.14,1.90,47.65,5.16,74.00,0.26,24.24,14.66,84.03,4.04,88.03,0.02,88.24,1.32,101.66,2.31
"2006M07",49.79,6.89,49.68,6.88,135.16,3.68,47.44,7.02,73.41,5.99,24.53,16.81,81.77,0.99,88.55,-0.02,96.32,4.78,106.11,4.35
"2006M08",51.33,5.08,51.21,5.09,135.28,-7.71,48.96,5.15,74.04,5.58,26.13,13.91,83.72,-1.61,91.11,-2.38,96.55,4.75,106.34,3.93
"2006M09",50.01,3.07,49.90,3.12,132.80,-9.43,47.82,3.15,71.74,2.41,26.43,12.85,79.79,-4.29,86.73,-3.68,86.60,2.57,102.94,2.94
"2006M10",50.08,0.95,49.98,0.97,131.56,-2.76,47.94,1.01,71.62,0.63,26.69,10.11,79.26,-8.61,87.54,-1.67,83.92,0.87,106.19,3.40
"2006M11",49.98,1.24,49.89,1.26,130.73,-6.85,47.93,1.22,71.02,0.00,26.21,6.94,82.31,-2.38,87.52,-2.84,79.50,3.38,101.91,1.82
"2006M12",49.49,-1.38,49.39,-1.34,133.37,-16.18,47.38,-1.50,73.43,-0.74,24.20,-1.59,82.32,-1.21,89.54,-3.68,81.46,4.70,104.22,1.61
"2007M01",50.85,6.25,50.76,6.37,130.12,-19.60,48.74,6.47,75.22,7.67,25.27,9.92,83.41,2.53,92.14,2.61,82.20,6.19,104.73,1.14
"2007M02",41.30,-5.21,41.23,-5.13,101.72,-25.70,39.50,-5.34,58.27,-7.82,21.09,-5.26,71.81,-2.95,69.66,-3.68,69.92,1.20,94.74,2.71
"2007M03",52.28,0.69,52.21,0.81,124.30,-22.27,50.19,0.72,77.23,-2.84,26.52,4.25,86.17,2.16,90.79,-0.97,81.81,5.51,103.67,1.00
"2007M04",51.56,3.99,51.49,4.13,117.57,-21.43,49.51,4.23,75.08,1.91,26.84,9.69,86.15,3.26,84.97,-1.14,80.42,1.59,99.79,-0.33
"2007M05",54.85,7.38,54.77,7.48,123.48,-15.77,52.61,7.65,78.12,3.46,29.38,18.52,90.03,3.06,90.96,1.19,89.51,4.09,104.31,0.54
"2007M06",53.54,7.36,53.45,7.46,119.31,-16.06,51.27,7.60,73.19,-1.09,30.05,23.97,87.70,4.37,85.59,-2.77,92.24,4.53,101.79,0.13
"2007M07",55.89,12.25,55.80,12.32,121.47,-10.13,53.46,12.69,76.27,3.90,31.35,27.80,91.65,12.08,88.72,0.19,100.24,4.07,106.80,0.65
"2007M08",56.20,9.49,56.13,9.61,115.73,-14.45,53.87,10.03,74.03,-0.01,32.29,23.57,92.63,10.64,91.49,0.42,95.80,-0.78,105.26,-1.02
"2007M09",53.93,7.84,53.83,7.88,121.53,-8.49,51.73,8.18,69.67,-2.89,32.62,23.42,86.84,8.84,82.37,-5.03,88.23,1.88,102.63,-0.30
"2007M10",58.43,16.67,58.38,16.81,106.70,-18.90,56.26,17.36,77.20,7.79,35.42,32.71,92.38,16.55,89.68,2.44,86.97,3.63,105.24,-0.89
"2007M11",56.67,13.39,56.61,13.47,109.10,-16.55,54.62,13.96,74.98,5.58,34.25,30.68,90.31,9.72,86.89,-0.72,80.12,0.78,101.76,-0.15
"2007M12",56.58,14.33,56.51,14.42,117.03,-12.25,54.45,14.92,76.32,3.94,33.34,37.77,90.68,10.16,87.48,-2.30,83.73,2.79,104.27,0.05
"2008M01",57.32,12.72,57.23,12.75,127.64,-1.91,55.14,13.13,77.11,2.51,33.12,31.06,92.30,10.66,93.98,2.00,84.41,2.69,104.28,-0.43
"2008M02",48.52,17.48,48.47,17.56,101.86,0.14,46.56,17.87,63.14,8.36,29.23,38.60,80.85,12.59,69.03,-0.90,76.92,10.01,95.85,1.17
"2008M03",57.65,10.27,57.55,10.23,129.71,4.35,55.48,10.54,77.26,0.04,34.96,31.83,90.61,5.15,85.76,-5.54,83.07,1.54,102.87,-0.77
"2008M04",57.58,11.68,57.48,11.63,131.96,12.24,55.46,12.02,78.14,4.08,34.59,28.87,90.36,4.89,86.43,1.72,81.87,1.80,100.02,0.23
"2008M05",58.31,6.31,58.21,6.28,127.31,3.10,56.08,6.60,78.42,0.38,34.72,18.18,94.01,4.42,86.22,-5.21,87.77,-1.94,103.30,-0.97
"2008M06",56.58,5.68,56.49,5.69,116.67,-2.21,54.33,5.97,75.06,2.55,34.39,14.44,90.70,3.42,80.92,-5.46,90.16,-2.25,99.68,-2.07
"2008M07",57.58,3.02,57.52,3.08,107.12,-11.81,55.26,3.37,73.36,-3.82,35.99,14.80,90.22,-1.56,86.63,-2.36,95.11,-5.12,103.32,-3.26
"2008M08",57.40,2.14,57.35,2.17,102.31,-11.60,55.07,2.23,71.92,-2.85,37.88,17.31,84.20,-9.10,83.54,-8.69,96.46,0.69,103.40,-1.77
"2008M09",53.98,0.09,53.93,0.19,92.67,-23.75,51.85,0.23,66.56,-4.46,37.45,14.81,73.13,-15.79,78.67,-4.49,87.63,-0.68,99.47,-3.08
"2008M10",51.07,-12.60,51.00,-12.64,97.65,-8.48,48.94,-13.01,64.75,-16.13,33.44,-5.59,71.27,-22.85,80.60,-10.12,85.81,-1.33,102.23,-2.86
"2008M11",41.24,-27.23,41.17,-27.27,99.80,-8.52,39.38,-27.90,53.46,-28.70,24.32,-28.99,62.37,-30.94,73.24,-15.71,72.33,-9.72,98.76,-2.95
"2008M12",38.92,-31.21,38.84,-31.27,109.13,-6.75,37.09,-31.88,53.00,-30.56,19.46,-41.63,64.60,-28.76,79.37,-9.27,69.84,-16.59,99.70,-4.38
"2009M01",32.18,-43.86,32.11,-43.89,79.50,-37.72,29.82,-45.92,39.96,-48.18,15.11,-54.38,66.67,-27.77,59.34,-36.86,73.44,-13.00,97.82,-6.19
"2009M02",35.09,-27.68,34.99,-27.81,95.64,-6.11,32.96,-29.21,46.69,-26.05,17.33,-40.71,70.07,-13.33,60.23,-12.75,70.98,-7.72,90.10,-6.00
"2009M03",42.27,-26.68,42.17,-26.72,107.67,-16.99,40.17,-27.60,52.08,-32.59,23.12,-33.87,81.85,-9.67,71.19,-16.99,76.05,-8.45,99.46,-3.31
"2009M04",45.95,-20.20,45.86,-20.22,103.25,-21.76,43.99,-20.68,52.69,-32.57,27.84,-19.51,83.96,-7.08,73.26,-15.24,77.09,-5.84,96.38,-3.64
"2009M05",48.35,-17.08,48.26,-17.09,107.81,-15.32,46.27,-17.49,52.36,-33.23,30.97,-10.80,83.68,-10.99,75.46,-12.48,81.50,-7.14,101.57,-1.67
"2009M06",51.14,-9.61,51.06,-9.61,105.74,-9.37,48.94,-9.92,57.43,-23.49,33.23,-3.37,86.19,-4.97,74.83,-7.53,87.61,-2.83,98.49,-1.19
"2009M07",53.63,-6.86,53.56,-6.88,102.89,-3.95,51.31,-7.15,60.25,-17.87,35.21,-2.17,87.72,-2.77,78.82,-9.02,92.86,-2.37,103.08,-0.23
"2009M08",52.95,-7.75,52.92,-7.72,90.43,-11.61,50.59,-8.14,54.93,-23.62,36.18,-4.49,85.29,1.29,76.02,-9.00,94.22,-2.32,100.49,-2.81
"2009M09",55.18,2.22,55.13,2.23,97.96,5.71,53.07,2.35,61.34,-7.84,37.76,0.83,86.25,17.94,78.36,-0.39,90.32,3.07,99.07,-0.40
"2009M10",56.19,10.03,56.12,10.04,102.49,4.96,54.33,11.01,63.40,-2.08,38.92,16.39,85.56,20.05,80.72,0.15,84.95,-1.00,101.52,-0.69
"2009M11",55.96,35.69,55.90,35.78,101.24,1.44,54.56,38.55,63.66,19.08,39.46,62.25,84.80,35.96,79.38,8.38,74.70,3.28,97.31,-1.47
"2009M12",58.79,51.05,58.72,51.18,118.61,8.69,57.19,54.19,71.53,34.96,39.07,100.77,90.61,40.26,90.75,14.34,80.69,15.54,100.22,0.52
"2010M01",57.21,77.78,57.12,77.89,117.13,47.33,55.49,86.08,68.62,71.72,38.26,153.21,91.04,36.55,82.02,38.22,81.97,11.61,100.23,2.46
"2010M02",50.49,43.89,50.41,44.07,100.86,5.46,48.85,48.21,54.40,16.51,35.69,105.94,78.51,12.05,69.59,15.54,75.18,5.92,89.63,-0.52
"2010M03",61.85,46.32,61.78,46.50,117.01,8.67,60.23,49.94,73.59,41.30,42.75,84.90,92.19,12.63,89.83,26.18,84.61,11.26,100.36,0.90
"2010M04",62.36,35.71,62.27,35.78,123.11,19.23,61.01,38.69,72.95,38.45,44.18,58.69,92.41,10.06,88.14,20.31,78.79,2.21,96.97,0.61
"2010M05",63.69,31.73,63.59,31.77,125.95,16.83,62.01,34.02,72.79,39.02,45.34,46.40,95.54,14.17,86.27,14.33,87.12,6.90,101.76,0.19
"2010M06",64.36,25.85,64.27,25.87,127.61,20.68,62.65,28.01,74.16,29.13,46.29,39.30,94.04,9.11,85.31,14.01,88.70,1.24,98.60,0.11
"2010M07",65.98,23.03,65.87,22.98,130.72,27.05,63.91,24.56,76.24,26.54,46.78,32.86,95.08,8.39,90.77,15.16,98.02,5.56,103.63,0.53
"2010M08",64.34,21.51,64.22,21.35,134.62,48.87,62.23,23.01,75.46,37.37,46.21,27.72,90.22,5.78,83.61,9.98,96.82,2.76,103.79,3.28
"2010M09",61.92,12.21,61.81,12.12,129.89,32.59,60.03,13.11,74.58,21.58,44.44,17.69,85.71,-0.63,79.98,2.07,90.15,-0.19,100.59,1.53
"2010M10",62.80,11.76,62.69,11.71,131.92,28.71,61.07,12.41,77.57,22.35,43.95,12.92,89.75,4.90,85.18,5.53,86.73,2.10,103.69,2.14
"2010M11",65.11,16.35,64.99,16.26,137.41,35.73,63.72,16.79,77.96,22.46,46.73,18.42,89.02,4.98,94.03,18.46,81.50,9.10,99.56,2.31
"2010M12",67.58,14.95,67.45,14.87,145.22,22.43,66.21,15.77,86.93,21.53,46.60,19.27,92.67,2.27,102.29,12.72,82.68,2.47,102.57,2.34
"2011M01",65.82,15.05,65.70,15.02,139.98,19.51,64.20,15.70,78.84,14.89,46.11,20.52,94.34,3.62,95.96,17.00,86.83,5.93,102.50,2.26
"2011M02",55.87,10.66,55.79,10.67,103.77,2.89,54.40,11.36,64.26,18.13,41.32,15.77,79.89,1.76,69.36,-0.33,76.12,1.25,91.57,2.16
"2011M03",68.43,10.64,68.35,10.63,122.98,5.10,67.03,11.29,85.76,16.54,49.25,15.20,94.89,2.93,89.76,-0.08,85.56,1.12,101.01,0.65
"2011M04",65.31,4.73,65.22,4.74,123.68,0.46,64.00,4.90,78.18,7.17,47.78,8.15,89.91,-2.71,89.19,1.19,80.52,2.20,98.19,1.26
"2011M05",67.27,5.62,67.20,5.68,120.74,-4.14,65.85,6.19,78.65,8.05,50.05,10.39,89.72,-6.09,93.61,8.51,85.10,-2.32,100.25,-1.48
"2011M06",65.55,1.85,65.48,1.88,117.72,-7.75,63.73,1.72,78.76,6.20,47.99,3.67,85.97,-8.58,89.71,5.16,92.92,4.76,99.66,1.08
"2011M07",66.35,0.56,66.27,0.61,115.36,-11.75,64.36,0.70,80.33,5.36,47.89,2.37,87.18,-8.31,92.65,2.07,97.34,-0.69,103.48,-0.14
"2011M08",64.95,0.95,64.89,1.04,108.88,-19.12,62.99,1.22,80.58,6.79,47.05,1.82,82.52,-8.53,89.64,7.21,95.74,-1.12,103.37,-0.40
"2011M09",61.09,-1.34,61.01,-1.29,114.90,-11.54,59.20,-1.38,77.15,3.45,43.04,-3.15,80.63,-5.93,85.26,6.60,90.00,-0.17,100.13,-0.46
"2011M10",63.13,0.53,63.07,0.61,107.44,-18.56,61.43,0.59,77.71,0.18,44.71,1.73,85.45,-4.79,90.19,5.88,87.91,1.36,102.70,-0.95
"2011M11",60.80,-6.62,60.73,-6.55,114.32,-16.80,59.12,-7.22,75.08,-3.69,42.15,-9.80,84.75,-4.80,88.94,-5.41,84.89,4.16,98.90,-0.66
"2011M12",60.74,-10.12,60.65,-10.08,127.95,-11.89,59.04,-10.83,79.88,-8.11,40.39,-13.33,83.54,-9.85,93.14,-8.95,84.45,2.14,101.91,-0.64
"2012M01",55.27,-16.03,55.20,-15.98,103.50,-26.06,53.36,-16.88,64.05,-18.76,38.26,-17.02,79.37,-15.87,80.25,-16.37,84.76,-2.38,101.07,-1.40
"2012M02",59.64,6.75,59.56,6.76,110.55,6.53,58.04,6.69,74.12,15.34,40.95,-0.90,85.86,7.47,82.11,18.38,82.73,8.68,93.10,1.67
"2012M03",67.10,-1.94,67.00,-1.98,128.01,4.09,65.59,-2.15,82.75,-3.51,47.72,-3.11,93.07,-1.92,92.87,3.46,86.67,1.30,101.64,0.62
"2012M04",64.93,-0.58,64.82,-0.61,130.17,5.25,63.60,-0.63,78.28,0.13,47.45,-0.69,89.66,-0.28,87.85,-1.50,80.70,0.22,97.77,-0.43
"2012M05",67.20,-0.10,67.12,-0.12,118.17,-2.13,65.82,-0.05,81.80,4.01,49.18,-1.74,90.69,1.08,92.64,-1.04,84.17,-1.09,101.48,1.23
"2012M06",63.54,-3.07,63.46,-3.08,109.93,-6.62,61.85,-2.95,77.32,-1.83,46.96,-2.15,82.32,-4.25,86.29,-3.81,88.35,-4.92,98.76,-0.90
"2012M07",66.92,0.86,66.85,0.88,115.38,0.02,64.89,0.82,77.87,-3.06,49.63,3.63,88.56,1.58,91.75,-0.97,98.68,1.38,102.53,-0.92
"2012M08",67.48,3.90,67.42,3.90,106.98,-1.75,65.56,4.08,77.25,-4.13,50.22,6.74,89.94,8.99,94.60,5.53,97.38,1.71,101.45,-1.86
"2012M09",64.89,6.22,64.84,6.28,104.87,-8.73,63.16,6.69,72.78,-5.66,49.59,15.22,85.54,6.09,89.03,4.42,90.65,0.72,98.97,-1.16
"2012M10",66.64,5.56,66.58,5.57,109.24,1.68,65.11,5.99,77.81,0.13,49.57,10.87,90.72,6.17,90.85,0.73,87.53,-0.43,102.07,-0.61
"2012M11",65.33,7.45,65.27,7.48,114.17,-0.13,64.02,8.29,76.61,2.04,49.05,16.37,88.77,4.74,87.82,-1.26,81.47,-4.03,97.73,-1.18
"2012M12",63.77,4.99,63.69,5.01,126.29,-1.30,62.25,5.44,77.46,-3.03,45.65,13.02,88.35,5.76,88.27,-5.23,83.49,-1.14,99.94,-1.93
"2013M01",67.00,21.22,66.92,21.23,113.36,9.53,65.51,22.77,80.16,25.15,47.67,24.59,94.60,19.19,95.28,18.73,87.02,2.67,100.72,-0.35
"2013M02",54.76,-8.18,54.70,-8.16,91.70,-17.05,53.39,-8.01,60.34,-18.59,41.25,0.73,79.37,-7.56,69.20,-15.72,73.34,-11.35,91.77,-1.43
"2013M03",67.31,0.31,67.26,0.39,105.84,-17.32,65.99,0.61,80.60,-2.60,49.61,3.96,94.25,1.27,87.87,-5.38,84.32,-2.71,102.61,0.95
"2013M04",66.07,1.76,66.00,1.82,112.70,-13.42,64.70,1.73,76.56,-2.20,50.90,7.27,88.63,-1.15,84.23,-4.12,84.05,4.15,98.12,0.36
"2013M05",69.42,3.30,69.36,3.34,108.30,-8.35,67.75,2.93,78.26,-4.33,54.50,10.82,90.71,0.02,88.73,-4.22,93.43,11.00,102.42,0.93
"2013M06",67.15,5.68,67.08,5.70,111.18,1.14,65.44,5.80,75.07,-2.91,53.31,13.52,86.01,4.48,85.65,-0.74,92.10,4.24,100.76,2.03
"2013M07",70.84,5.86,70.77,5.86,104.20,-9.69,68.99,6.32,80.29,3.11,54.87,10.56,93.96,6.10,90.12,-1.78,98.62,-0.06,104.74,2.16
"2013M08",69.35,2.77,69.30,2.79,98.90,-7.55,67.41,2.82,78.39,1.48,53.94,7.41,90.81,0.97,87.93,-7.05,99.33,2.00,103.96,2.47
"2013M09",66.59,2.62,66.54,2.62,96.23,-8.24,64.82,2.63,73.37,0.81,53.35,7.58,85.26,-0.33,83.40,-6.32,93.45,3.09,98.94,-0.03
"2013M10",68.44,2.70,68.40,2.73,100.33,-8.16,66.92,2.78,79.34,1.97,53.35,7.63,89.07,-1.82,87.11,-4.12,89.93,2.74,100.95,-1.10
"2013M11",66.63,1.99,66.58,2.01,110.52,-3.20,65.38,2.12,78.26,2.15,50.92,3.81,90.09,1.49,85.46,-2.69,82.08,0.75,98.23,0.51
"2013M12",69.53,9.03,69.48,9.09,111.72,-11.54,68.33,9.77,83.11,7.29,53.02,16.14,94.49,6.95,87.00,-1.44,83.60,0.13,101.84,1.90
"2014M01",66.81,-0.28,66.74,-0.27,112.46,-0.79,65.49,-0.03,77.88,-2.84,49.83,4.53,92.84,-1.86,89.25,-6.33,84.01,-3.46,102.11,1.38
"2014M02",59.88,9.35,59.86,9.43,80.29,-12.44,58.69,9.93,68.56,13.62,46.76,13.36,83.63,5.37,68.35,-1.23,76.36,4.12,89.48,-2.50
"2014M03",70.55,4.81,70.49,4.80,111.44,5.29,69.39,5.15,82.83,2.77,55.28,11.43,94.01,-0.25,86.33,-1.75,85.13,0.96,100.34,-2.21
"2014M04",70.57,6.81,70.51,6.83,113.06,0.32,69.56,7.51,83.46,9.01,56.59,11.18,90.06,1.61,86.15,2.28,82.36,-2.01,98.12,0.00
"2014M05",73.11,5.32,73.07,5.35,103.58,-4.36,71.72,5.86,86.05,9.95,59.12,8.48,91.52,0.89,86.42,-2.60,92.47,-1.03,102.13,-0.28
"2014M06",72.78,8.38,72.74,8.44,101.51,-8.70,71.17,8.76,83.93,11.80,59.15,10.95,91.62,6.52,84.25,-1.63,96.32,4.58,101.59,0.82
"2014M07",75.63,6.76,75.60,6.82,107.43,3.10,73.73,6.87,87.37,8.82,60.02,9.39,96.72,2.94,91.02,1.00,104.51,5.97,105.11,0.35
"2014M08",75.10,8.29,75.05,8.30,109.42,10.64,73.35,8.81,82.55,5.31,61.83,14.63,94.68,4.26,89.36,1.63,101.04,1.72,104.63,0.64
"2014M09",74.11,11.29,74.06,11.30,108.91,13.18,72.63,12.05,82.71,12.73,63.24,18.54,88.69,4.02,83.21,-0.23,95.06,1.72,101.62,2.71
"2014M10",75.98,11.02,75.93,11.01,114.33,13.95,74.90,11.92,86.76,9.35,63.89,19.76,93.88,5.40,86.50,-0.70,89.13,-0.89,103.63,2.65
"2014M11",72.91,9.43,72.86,9.43,108.47,-1.85,71.95,10.05,82.35,5.23,61.79,21.35,89.92,-0.19,83.03,-2.84,84.19,2.57,99.63,1.43
"2014M12",75.79,9.00,75.73,9.00,113.27,1.39,74.93,9.66,91.60,10.22,61.51,16.01,93.35,-1.21,92.57,6.40,84.87,1.52,102.95,1.09
"2015M01",74.19,11.05,74.13,11.07,119.58,6.33,73.38,12.05,86.38,10.91,60.93,22.28,94.11,1.37,88.28,-1.09,82.94,-1.27,102.43,0.31
"2015M02",62.06,3.64,62.03,3.63,90.17,12.31,61.20,4.28,66.56,-2.92,52.27,11.78,83.08,-0.66,67.53,-1.20,72.52,-5.03,91.22,1.94
"2015M03",76.10,7.87,76.07,7.92,103.51,-7.12,75.40,8.66,89.99,8.64,62.46,12.99,97.56,3.78,87.34,1.17,84.15,-1.15,97.36,-2.97
"2015M04",72.32,2.48,72.27,2.50,101.54,-10.19,71.52,2.82,84.77,1.57,58.78,3.87,94.47,4.90,83.52,-3.05,82.01,-0.42,92.22,-6.01
"2015M05",72.72,-0.53,72.69,-0.52,99.44,-4.00,71.50,-0.31,84.21,-2.14,58.12,-1.69,97.56,6.60,82.68,-4.33,89.63,-3.07,97.61,-4.43
"2015M06",72.75,-0.04,72.72,-0.03,97.37,-4.08,71.03,-0.20,84.62,0.82,57.69,-2.47,94.38,3.01,85.24,1.18,98.22,1.97,98.99,-2.56
"2015M07",73.39,-2.96,73.35,-2.98,97.76,-9.00,71.59,-2.90,87.02,-0.40,57.13,-4.82,95.20,-1.57,88.57,-2.69,99.87,-4.44,102.22,-2.75
"2015M08",70.29,-6.40,70.28,-6.36,86.14,-21.28,68.40,-6.75,78.18,-5.29,56.30,-8.94,90.81,-4.09,84.68,-5.24,98.62,-2.40,101.47,-3.02
"2015M09",69.93,-5.64,69.91,-5.60,87.68,-19.49,68.37,-5.87,77.76,-5.98,56.23,-11.08,92.11,3.86,83.24,0.04,92.71,-2.47,97.63,-3.93
"2015M10",71.02,-6.53,70.98,-6.52,101.68,-11.06,69.52,-7.18,79.77,-8.06,56.25,-11.96,94.54,0.70,87.41,1.05,92.09,3.32,101.07,-2.47
"2015M11",67.87,-6.91,67.82,-6.92,102.91,-5.13,66.67,-7.34,76.64,-6.93,53.78,-12.96,90.05,0.14,85.68,3.19,83.60,-0.70,97.41,-2.23
"2015M12",70.90,-6.45,70.83,-6.47,112.96,-0.27,69.99,-6.59,81.23,-11.32,55.28,-10.13,96.70,3.59,91.65,-0.99,81.01,-4.55,104.11,1.13
"2016M01",68.60,-7.53,68.56,-7.51,97.74,-18.26,67.45,-8.08,80.48,-6.83,53.02,-12.98,93.61,-0.53,86.11,-2.46,83.76,0.99,100.07,-2.30
"2016M02",58.05,-6.46,58.04,-6.43,74.32,-17.58,56.78,-7.22,63.65,-4.37,45.99,-12.01,83.18,0.12,65.12,-3.57,75.47,4.07,93.20,2.17
"2016M03",73.57,-3.32,73.55,-3.31,94.79,-8.42,72.55,-3.78,88.24,-1.94,57.67,-7.67,98.62,1.09,88.26,1.05,87.53,4.02,98.21,0.87
"2016M04",68.85,-4.80,68.81,-4.79,94.67,-6.77,67.51,-5.61,80.55,-4.98,54.12,-7.93,91.73,-2.90,82.33,-1.42,87.50,6.69,96.25,4.37
"2016M05",73.50,1.07,73.46,1.06,98.14,-1.31,72.00,0.70,86.58,2.81,57.46,-1.14,97.47,-0.09,88.77,7.37,95.00,5.99,99.26,1.69
"2016M06",74.44,2.32,74.42,2.34,90.82,-6.73,72.83,2.53,85.11,0.58,60.14,4.25,95.16,0.83,87.02,2.09,98.12,-0.10,96.85,-2.16
"2016M07",74.49,1.50,74.47,1.53,90.56,-7.36,72.55,1.34,82.83,-4.81,59.85,4.76,97.13,2.03,87.34,-1.39,103.47,3.60,100.45,-1.73
"2016M08",77.01,9.56,77.00,9.56,91.72,6.48,75.35,10.16,84.06,7.52,62.96,11.83,96.72,6.51,96.02,13.39,101.44,2.86,102.97,1.48
"2016M09",75.99,8.67,76.00,8.71,77.54,-11.56,74.89,9.54,75.13,-3.38,68.64,22.07,88.49,-3.93,84.66,1.71,92.06,-0.70,99.12,1.53
"2016M10",76.36,7.52,76.36,7.58,87.00,-14.44,74.96,7.83,81.59,2.28,64.93,15.43,92.74,-1.90,90.03,3.00,96.87,5.19,102.71,1.62
"2016M11",78.43,15.56,78.42,15.63,92.90,-9.73,77.92,16.87,85.62,11.72,67.45,25.42,94.73,5.20,94.85,10.70,84.55,1.14,98.16,0.77
"2016M12",78.38,10.55,78.34,10.60,102.72,-9.07,77.82,11.19,88.52,8.97,65.09,17.75,97.70,1.03,98.63,7.62,84.57,4.39,102.43,-1.61
"2017M01",72.47,5.64,72.43,5.64,93.85,-3.98,71.69,6.29,78.24,-2.78,60.77,14.62,92.80,-0.87,87.96,2.15,82.06,-2.03,101.03,0.96
"2017M02",67.43,16.16,67.42,16.16,75.72,1.88,66.79,17.63,73.17,14.96,57.27,24.53,84.62,1.73,79.82,22.57,75.86,0.52,90.09,-3.34
"2017M03",79.70,8.33,79.68,8.33,95.67,0.93,79.15,9.10,92.49,4.82,65.44,13.47,98.61,-0.01,101.53,15.04,86.37,-1.33,100.39,2.22
"2017M04",69.67,1.19,69.65,1.22,85.03,-10.18,68.55,1.54,82.47,2.38,54.98,1.59,88.12,-3.94,89.95,9.26,85.20,-2.63,96.84,0.61
"2017M05",75.90,3.27,75.86,3.27,101.42,3.34,74.50,3.47,86.48,-0.12,60.46,5.22,96.22,-1.28,98.84,11.34,95.48,0.51,104.05,4.83
"2017M06",78.71,5.74,78.71,5.76,84.29,-7.19,77.18,5.97,89.62,5.30,64.68,7.55,98.92,3.95,90.12,3.56,101.64,3.59,99.53,2.77
"2017M07",76.39,2.55,76.38,2.56,89.44,-1.24,74.39,2.54,86.58,4.53,62.01,3.61,98.54,1.45,83.57,-4.32,106.32,2.75,103.70,3.24
"2017M08",81.46,5.78,81.46,5.79,90.91,-0.88,79.68,5.75,90.32,7.45,67.23,6.78,101.82,5.27,94.92,-1.15,108.43,6.89,104.21,1.20
"2017M09",80.04,5.33,80.02,5.29,91.33,17.78,78.62,4.98,87.17,16.03,68.68,0.06,94.06,6.29,92.27,8.99,101.06,9.78,99.95,0.84
"2017M10",78.36,2.62,78.36,2.62,81.66,-6.14,77.12,2.88,83.64,2.51,68.73,5.85,92.61,-0.14,84.80,-5.81,96.62,-0.26,102.83,0.12
"2017M11",79.89,1.86,79.88,1.86,87.01,-6.34,79.30,1.77,90.86,6.12,68.98,2.27,93.97,-0.80,90.44,-4.65,87.79,3.83,98.07,-0.09
"2017M12",81.46,3.93,81.44,3.96,92.49,-9.96,81.02,4.11,91.18,3.00,71.07,9.19,96.71,-1.01,90.71,-8.03,86.50,2.28,104.41,1.93
"2018M01",79.31,9.44,79.30,9.49,87.95,-6.29,78.57,9.60,93.06,18.94,64.31,5.83,102.52,10.47,93.78,6.62,88.86,8.29,103.01,1.96
"2018M02",63.76,-5.44,63.76,-5.43,62.76,-17.12,62.78,-6.00,67.49,-7.76,54.23,-5.31,83.58,-1.23,69.12,-13.41,77.56,2.24,91.93,2.04
"2018M03",83.86,5.22,83.86,5.25,84.02,-12.18,83.41,5.38,96.91,4.78,71.43,9.15,101.04,2.46,96.43,-5.02,89.13,3.20,102.79,2.39
"2018M04",75.35,8.15,75.34,8.17,80.91,-4.85,74.44,8.59,85.69,3.90,63.68,15.82,92.14,4.56,84.98,-5.53,87.89,3.16,99.60,2.85
"2018M05",81.98,8.01,81.96,8.04,96.48,-4.87,80.62,8.21,96.28,11.33,66.88,10.62,100.05,3.98,97.37,-1.49,101.88,6.70,105.17,1.08
"2018M06",78.81,0.13,78.80,0.11,84.75,0.55,77.42,0.31,91.50,2.10,64.91,0.36,95.37,-3.59,92.42,2.55,99.65,-1.96,101.01,1.49
"2018M07",80.02,4.75,80.01,4.75,86.70,-3.06,78.56,5.61,92.47,6.80,65.28,5.27,99.60,1.08,93.68,12.10,101.80,-4.25,103.07,-0.61
"2018M08",82.51,1.29,82.51,1.29,82.32,-9.45,81.01,1.67,91.61,1.43,68.71,2.20,101.28,-0.53,98.25,3.51,105.56,-2.65,103.57,-0.61
"2018M09",81.11,1.34,81.10,1.35,86.71,-5.06,79.84,1.55,84.88,-2.63,72.40,5.42,93.80,-0.28,88.82,-3.74,99.99,-1.06,99.94,-0.01
"2018M10",84.60,7.96,84.59,7.95,92.80,13.64,83.88,8.77,91.30,9.16,74.86,8.92,98.75,6.63,95.99,13.20,94.40,-2.30,99.24,-3.49
"2018M11",81.40,1.89,81.38,1.88,88.28,1.46,80.55,1.58,89.84,-1.12,69.68,1.01,98.31,4.62,95.67,5.78,93.66,6.69,95.12,-3.01
"2018M12",79.85,-1.98,79.83,-1.98,95.17,2.90,79.15,-2.31,88.83,-2.58,68.43,-3.71,95.10,-1.66,95.52,5.30,88.57,2.39,102.75,-1.59
"2019M01",79.78,0.59,79.77,0.59,90.55,2.96,79.10,0.67,92.05,-1.09,64.42,0.17,101.28,-1.21,102.72,9.53,88.15,-0.80,101.43,-1.53
"2019M02",62.70,-1.66,62.70,-1.66,65.48,4.33,61.76,-1.62,67.38,-0.16,52.45,-3.28,83.08,-0.60,70.05,1.35,75.81,-2.26,90.96,-1.06
"2019M03",77.52,-7.56,77.51,-7.57,84.04,0.02,76.68,-8.07,88.43,-8.75,64.66,-9.48,95.57,-5.41,91.83,-4.77,88.92,-0.24,100.32,-2.40
"2019M04",77.05,2.26,77.05,2.27,81.67,0.94,76.13,2.27,87.36,1.95,64.34,1.04,94.91,3.01,91.34,7.48,89.89,2.28,99.65,0.05
"2019M05",80.43,-1.89,80.42,-1.88,88.16,-8.62,79.20,-1.76,89.91,-6.62,66.34,-0.81,102.34,2.29,94.80,-2.64,98.47,-3.35,102.97,-2.09
"2019M06",78.63,-0.23,78.65,-0.19,79.01,-6.77,77.16,-0.34,84.12,-8.07,67.83,4.50,95.10,-0.28,88.05,-4.73,101.34,1.70,101.45,0.44
"2019M07",83.92,4.87,83.93,4.90,84.16,-2.93,82.35,4.82,89.50,-3.21,71.88,10.11,101.58,1.99,97.69,4.28,108.44,6.52,103.52,0.44
"2019M08",85.07,3.10,85.09,3.13,76.93,-6.55,83.55,3.14,84.05,-8.25,77.33,12.55,98.09,-3.15,95.51,-2.79,109.13,3.38,102.76,-0.78
"2019M09",81.72,0.75,81.74,0.79,78.62,-9.33,80.69,1.06,80.63,-5.01,77.07,6.45,89.17,-4.94,87.87,-1.07,97.09,-2.90,100.50,0.56
"2019M10",84.28,-0.38,84.27,-0.38,89.21,-3.87,83.42,-0.55,85.82,-6.00,77.08,2.97,94.80,-4.00,97.09,1.15,96.20,1.91,103.35,4.14
"2019M11",83.75,2.89,83.74,2.90,89.93,1.87,83.33,3.45,83.97,-6.53,78.06,12.03,93.69,-4.70,96.00,0.34,88.14,-5.89,100.91,6.09
"2019M12",86.85,8.77,86.83,8.77,98.21,3.19,86.57,9.37,90.51,1.89,79.18,15.71,98.11,3.17,102.97,7.80,88.31,-0.29,105.52,2.70
"2020M01",78.32,-1.83,78.31,-1.83,84.60,-6.57,77.78,-1.67,74.95,-18.58,74.26,15.27,92.14,-9.02,82.93,-19.27,84.83,-3.77,102.72,1.27
"2020M02",77.42,23.48,77.39,23.43,89.38,36.50,76.89,24.50,81.08,20.33,69.76,33.00,92.00,10.74,85.79,22.47,84.01,10.82,94.42,3.80
"2020M03",87.56,12.95,87.55,12.95,97.92,16.52,87.28,13.82,90.60,2.45,81.80,26.51,97.42,1.94,95.78,4.30,90.42,1.69,102.34,2.01
"2020M04",81.23,5.43,81.18,5.36,100.42,22.96,80.79,6.12,81.04,-7.23,76.98,19.65,90.74,-4.39,86.94,-4.82,86.03,-4.29,99.64,-0.01
"2020M05",82.42,2.47,82.39,2.45,96.39,9.34,81.37,2.74,78.52,-12.67,79.39,19.67,88.19,-13.83,88.63,-6.51,97.30,-1.19,102.94,-0.03
"2020M06",85.22,8.38,85.20,8.33,96.25,21.82,83.98,8.84,80.70,-4.07,82.93,22.26,88.77,-6.66,89.81,2.00,103.58,2.21,101.50,0.05
"2020M07",88.20,5.10,88.19,5.08,95.99,14.06,86.71,5.29,85.20,-4.80,82.92,15.36,95.71,-5.78,98.19,0.51,110.77,2.15,105.29,1.71
"2020M08",90.24,6.08,90.24,6.05,91.78,19.30,89.13,6.68,83.56,-0.58,89.00,15.09,91.91,-6.30,97.84,2.44,106.84,-2.10,104.47,1.66
"2020M09",93.41,14.30,93.40,14.26,95.92,22.00,92.85,15.07,88.76,10.08,92.43,19.93,95.64,7.26,99.73,13.50,101.55,4.59,101.55,1.04
"2020M10",91.23,8.25,91.22,8.25,95.82,7.41,90.72,8.75,88.05,2.60,89.52,16.14,95.61,0.85,95.77,-1.36,98.05,1.92,106.08,2.64
"2020M11",92.67,10.65,92.64,10.63,102.41,13.88,92.56,11.08,92.78,10.49,90.12,15.45,98.10,4.71,97.35,1.41,92.90,5.40,102.71,1.78
"2020M12",98.00,12.84,97.97,12.83,108.94,10.93,98.21,13.45,104.83,15.82,93.54,18.14,101.08,3.03,105.23,2.19,93.04,5.36,106.30,0.74
"2021M01",95.39,21.80,95.36,21.77,110.17,30.22,95.52,22.81,97.62,30.25,92.26,24.24,100.98,9.59,100.98,21.77,92.14,8.62,103.67,0.92
"2021M02",80.59,4.09,80.58,4.12,87.12,-2.53,80.62,4.85,77.65,-4.23,81.94,17.46,83.00,-9.78,76.61,-10.70,79.02,-5.94,92.94,-1.57
"2021M03",102.74,17.34,102.72,17.33,109.73,12.06,103.31,18.37,104.87,15.75,102.32,25.09,104.11,6.87,104.10,8.69,93.47,3.37,101.34,-0.98
"2021M04",94.47,16.30,94.43,16.32,107.40,6.95,94.56,17.04,98.42,21.45,91.74,19.17,98.01,8.01,96.59,11.10,92.41,7.42,94.75,-4.91
"2021M05",98.96,20.07,98.95,20.10,102.73,6.58,98.43,20.97,101.91,29.79,95.40,20.17,103.03,16.83,100.90,13.84,107.12,10.09,98.21,-4.59
"2021M06",102.67,20.48,102.69,20.53,91.32,-5.12,102.55,22.11,102.38,26.86,102.70,23.84,101.92,14.81,103.00,14.69,105.32,1.68,97.08,-4.35
"2021M07",102.98,16.76,102.99,16.78,97.50,1.57,102.30,17.98,104.40,22.54,100.59,21.31,104.85,9.55,103.45,5.36,113.72,2.66,104.13,-1.10
"2021M08",104.03,15.28,104.04,15.29,90.99,-0.86,103.62,16.26,101.86,21.90,104.47,17.38,103.30,12.39,103.26,5.54,110.91,3.81,104.09,-0.36
"2021M09",105.03,12.44,105.05,12.47,92.93,-3.12,104.85,12.92,100.27,12.97,109.06,17.99,99.20,3.72,99.78,0.05,108.73,7.07,100.71,-0.83
"2021M10",102.79,12.67,102.80,12.69,93.15,-2.79,102.53,13.02,100.62,14.28,104.48,16.71,98.48,3.00,101.71,6.20,107.34,9.47,102.28,-3.58
"2021M11",104.05,12.28,104.04,12.31,105.89,3.40,104.65,13.06,102.84,10.84,106.76,18.46,100.39,2.33,103.14,5.95,94.84,2.09,97.53,-5.04
"2021M12",106.33,8.50,106.32,8.52,111.04,1.93,107.05,9.00,107.11,2.17,108.25,15.73,102.72,1.62,106.43,1.14,94.94,2.04,103.26,-2.86
"2022M01",103.63,8.64,103.64,8.68,101.18,-8.16,104.18,9.07,98.39,0.79,107.60,16.63,101.53,0.54,101.64,0.65,93.80,1.80,103.95,0.27
"2022M02",87.97,9.16,88.00,9.21,74.92,-14.00,88.13,9.32,81.12,4.47,93.63,14.27,85.50,3.01,76.00,-0.80,85.65,8.39,89.90,-3.27
"2022M03",105.93,3.10,105.93,3.13,105.79,-3.59,106.66,3.24,108.17,3.15,108.54,6.08,98.25,-5.63,105.73,1.57,93.31,-0.17,98.70,-2.61
"2022M04",99.04,4.84,99.04,4.88,98.42,-8.36,99.17,4.88,96.83,-1.62,101.63,10.78,98.06,0.05,91.85,-4.91,96.89,4.85,95.70,1.00
"2022M05",100.90,1.96,100.92,1.99,93.27,-9.21,100.76,2.37,97.96,-3.88,102.19,7.12,103.89,0.83,93.62,-7.22,103.92,-2.99,99.15,0.96
"2022M06",100.59,-2.03,100.60,-2.04,95.36,4.42,100.22,-2.27,96.95,-5.30,102.93,0.22,99.40,-2.47,93.06,-9.65,107.61,2.17,99.39,2.38
"2022M07",100.76,-2.16,100.76,-2.17,101.36,3.96,99.90,-2.35,95.85,-8.19,103.24,2.63,94.40,-9.97,98.44,-4.84,115.77,1.80,108.13,3.84
"2022M08",102.14,-1.82,102.13,-1.84,102.85,13.03,101.61,-1.94,94.03,-7.69,107.62,3.02,90.45,-12.44,101.67,-1.54,111.25,0.31,108.66,4.39
"2022M09",96.06,-8.54,96.05,-8.57,99.74,7.33,95.51,-8.91,90.31,-9.93,100.51,-7.84,86.69,-12.61,92.28,-7.52,105.17,-3.27,104.32,3.58
"2022M10",94.48,-8.08,94.46,-8.11,100.06,7.42,93.91,-8.41,89.66,-10.89,97.90,-6.30,86.97,-11.69,91.31,-10.23,103.87,-3.23,104.47,2.14
"2022M11",94.53,-9.15,94.51,-9.16,102.72,-2.99,94.44,-9.76,91.84,-10.70,98.24,-7.98,83.28,-17.04,96.15,-6.78,95.49,0.69,98.21,0.70
"2022M12",94.16,-11.45,94.12,-11.47,110.55,-0.44,94.02,-12.17,92.37,-13.76,95.86,-11.45,87.19,-15.12,98.07,-7.85,94.99,0.05,105.46,2.13
"2023M01",79.19,-23.58,79.18,-23.60,85.59,-15.41,78.68,-24.48,71.64,-27.19,82.64,-23.20,76.34,-24.81,75.92,-25.30,88.28,-5.88,103.29,-0.63
"2023M02",79.19,-9.98,79.17,-10.03,94.64,26.32,78.81,-10.58,81.84,0.89,76.64,-18.15,81.93,-4.18,80.93,6.49,85.96,0.36,91.36,1.62
"2023M03",88.95,-16.03,88.90,-16.08,114.00,7.76,88.64,-16.89,95.61,-11.61,84.21,-22.42,91.00,-7.38,96.39,-8.83,93.40,0.10,99.22,0.53
"2023M04",76.66,-22.60,76.61,-22.65,100.19,1.80,76.11,-23.25,82.32,-14.99,71.75,-29.40,80.82,-17.58,81.71,-11.04,86.03,-11.21,97.68,2.07

"由於限於各電腦系統之浮點數（floating "
"point）的表達方式與計算確度差異，部分透過計算所得的統計量（如年增率）-"
"容或有計算誤差，或與他系統所計算之結果有尾差情形。 "
"(https://www.stat.gov.tw/News_NoticeCalendar_Content.aspx?MetaI_D=1110"
"target=_blank) more "

