 ,Total_Index,Manufacturing,MetalMachinery_Electrical,Information_Electronic,Chemical,Consumer_Goods,Electricity_GasSupply,Water_Supply
1982M01,15.75,15.38,20.97,2.33,22.24,84.27,15.85,33.36
1982M02,16.69,16.37,22.5,2.74,23.45,87.89,16.45,30.69
1982M03,18.77,18.37,24.7,3.05,25.7,101.82,18.82,33.54
1982M04,18.15,17.73,24.26,3.16,24.51,96.42,18.13,32.56
1982M05,18.49,18,25,3.14,25.89,94.34,19.94,35.52
1982M06,17.87,17.35,23.04,3.1,24.97,92.35,20.14,35.11
1982M07,18.4,17.81,24.22,3.28,25.54,93.01,21.55,37.53
1982M08,17.74,17.09,23.69,3.21,23.66,90.44,21.66,38.19
1982M09,18.21,17.63,23.77,3.15,25.41,93.14,20.88,38.86
1982M10,17.84,17.28,23.2,2.82,26.27,89.51,20.03,38.76
1982M11,17.47,16.98,23.59,2.82,25.26,87.74,18.76,37.33
1982M12,19.81,19.45,26.27,3.27,28.42,103.35,18.99,37.33
1983M01,19.13,18.73,24.69,3.08,27.83,99.95,18.99,37.19
1983M02,15.4,15.08,20.54,2.64,22.84,76.26,15.46,34.62
1983M03,19.75,19.4,25.67,3.52,28.93,99.88,19.26,37.14
1983M04,19.67,19.29,27.2,3.68,25.95,103.24,19.74,36.88
1983M05,20.51,20.05,27.63,3.82,29.03,101.88,21.75,38.98
1983M06,20.85,20.33,27.19,4.13,29.59,102.26,22.79,39.31
1983M07,21.48,20.77,28.02,4.34,30.11,103.58,25.74,41.61
1983M08,21.6,20.97,28.73,4.57,29.39,105,24.91,41.05
1983M09,21.05,20.49,28.93,4.31,29.12,101.05,23.73,40.6
1983M10,21.02,20.44,29.79,4.11,29.88,97.88,23.45,40.86
1983M11,21.11,20.74,29.17,4.25,31.37,97.27,20.76,39.94
1983M12,22.31,22,30.72,4.42,32.05,108.52,20.97,39.28
1984M01,23.13,22.92,29.59,4.45,32.86,121.1,20.71,38.86
1984M02,18.38,18.11,23.77,3.78,27.57,87.31,17.92,36.31
1984M03,23.19,22.86,29.94,5.03,32.7,114.74,22.1,38.63
1984M04,22.41,22.09,29.55,4.96,31.74,108.22,21.58,38.3
1984M05,24.07,23.74,30.6,5.46,35.76,112.34,23.27,39.67
1984M06,23.29,22.84,30.57,5.43,33.71,106.16,24.78,40.87
1984M07,24.16,23.59,31.37,5.4,34.49,113.22,27.43,42.95
1984M08,24.02,23.48,31.58,5.54,34.56,109.67,26.53,43.69
1984M09,21.98,21.42,29.41,4.95,31.36,100.27,24.64,43.82
1984M10,22.18,21.66,29.59,5.08,31.15,102.92,24.06,43.84
1984M11,22.33,21.97,30.57,5.04,31.93,102.97,22.53,41.97
1984M12,23.53,23.25,30.92,5.1,34.27,112.78,22.37,41.85
1985M01,24.04,23.81,31.07,5.17,34.85,117.66,22.44,40.87
1985M02,19.49,19.27,25.14,4.37,28.6,92.38,18.63,40.17
1985M03,23.57,23.24,28.99,5.3,34.15,114.96,23.38,40.86
1985M04,23.66,23.36,31.22,5.38,33.34,113.98,23.11,41.07
1985M05,24.14,23.59,31.16,5.29,34.5,114.45,26.52,43.79
1985M06,23.23,22.71,31.37,4.93,33.4,108.26,25.6,44.26
1985M07,24,23.33,30.99,4.77,35.55,112.39,28.06,46.63
1985M08,23.44,22.77,30.66,4.66,34.78,108.58,27.77,46.92
1985M09,22.6,21.98,29.41,4.53,33.79,104.2,26.19,46.8
1985M10,23.46,22.89,30.23,4.24,36.55,109.46,26.22,47.46
1985M11,23.01,22.63,29.65,4.26,35.86,108.75,23.61,45.32
1985M12,25.56,25.27,33.02,4.72,40.39,121.09,24.45,45.26
1986M01,26.2,25.94,33.28,5.08,40.14,127.55,24.95,44.2
1986M02,19.93,19.66,25.28,4.11,30.79,92.87,20.21,41.17
1986M03,28.32,28.19,41.12,6.05,41.1,131.94,25.36,43.53
1986M04,25.55,25.18,32.76,5.76,38.7,116.08,26.11,43.85
1986M05,26.83,26.41,34.22,5.96,40.96,121.57,28.14,45.37
1986M06,26.27,25.79,34.71,5.84,39.57,117.31,28.95,44.23
1986M07,27.51,26.84,36.89,6.42,38.5,126.06,32.19,48.78
1986M08,27.54,26.9,36,6.64,39.17,124.61,31.62,50.36
1986M09,26.84,26.35,35.29,6.32,39.7,119.36,29.33,50.21
1986M10,28.45,28.08,37.47,6.84,42.64,125.55,28.97,50.23
1986M11,27.76,27.47,37.11,6.71,42.73,118.35,27.33,48.94
1986M12,30.22,30.03,40.15,7.36,46.09,131.92,28.12,48.65
1987M01,27.88,27.67,36.07,6.19,43.53,125.56,26.12,47.71
1987M02,25.87,25.68,32.31,6.27,40.93,112.4,24.68,44.61
1987M03,29.99,29.74,39.27,7.6,44.81,131.71,28.86,47.75
1987M04,30.22,30.01,40.61,7.63,43.98,134.96,28.72,47.61
1987M05,30.36,29.95,40.94,7.31,44.92,133.49,31.23,49.65
1987M06,30.15,29.66,41.67,7.58,43.37,130.34,32.31,49.32
1987M07,30.92,30.27,43.55,7.9,43.34,132.29,35.34,52.68
1987M08,30.79,29.99,42.65,7.73,42.94,133.22,36.88,53.5
1987M09,29.43,28.91,41.03,7.72,41.1,126.92,32.02,53.85
1987M10,29.94,29.43,40.63,7.94,43.49,125.6,32.09,53.52
1987M11,29.27,28.9,39.8,7.64,44.5,119.18,29.84,51.93
1987M12,31.83,31.64,42.97,8.6,47.23,134.4,29.62,51.55
1988M01,30.97,30.71,43.52,7.92,47.25,125.97,29.61,51.95
1988M02,25.93,25.65,33.84,6.66,40.83,105.56,25.56,49.23
1988M03,30.91,30.57,42.66,8.21,45.84,127.41,30.94,51.43
1988M04,30.6,30.27,42.4,8.13,44.98,127.46,30.29,50.99
1988M05,30.83,30.22,43.8,8.08,45.05,123.93,34.51,53.95
1988M06,30.97,30.22,43.9,8.39,44.67,122.09,36.57,53.88
1988M07,31.66,30.69,43.58,8.41,46.16,124.55,40.4,57.47
1988M08,31.98,31.11,44.65,8.76,46.03,125.48,39.37,57.99
1988M09,30.99,30.3,43.04,8.3,45.94,121.87,35.89,57.43
1988M10,31.07,30.54,45.28,8.33,45.84,120.7,33.94,57.72
1988M11,31.24,30.92,47.26,8.39,46.35,119.87,31.3,55.56
1988M12,33.67,33.47,49.4,9.24,50.61,130.35,32.04,55.91
1989M01,32.43,32.11,47.19,8.47,49.28,128.44,31.05,56.06
1989M02,25.3,24.96,34.4,6.39,39.31,103.94,25.26,51.57
1989M03,33.86,33.56,50.44,9.27,49.89,132.99,32.3,54.98
1989M04,32.46,32.1,48.34,8.69,48.16,125.71,32.28,54.59
1989M05,33.4,32.86,49.84,9.11,48.07,128.54,35.69,57.6
1989M06,32.76,32.12,49.11,9.05,46.87,123.53,37.19,56.67
1989M07,32.67,31.78,47.47,8.84,46.94,124.53,40.88,61.05
1989M08,33.65,32.81,49.01,9.09,48.78,127.55,41.13,62.25
1989M09,31.58,30.89,45.83,8.47,45.57,121.67,36.5,61.57
1989M10,31.34,30.73,46.87,8.34,47.06,115.74,34.73,62.37
1989M11,32.11,31.64,49.57,8.6,47.99,117.27,33.08,61.24
1989M12,32.78,32.33,48.93,8.67,49.59,124.03,33.09,60.33
1990M01,28.29,27.77,40.22,7.12,43.3,112.39,30.38,60.5
1990M02,28.84,28.4,42.19,7.57,43.12,113.42,30.1,55.62
1990M03,33.33,32.87,50.83,8.98,49.96,123.94,34.61,59.89
1990M04,31.72,31.23,48.9,8.74,46.08,118.44,33.88,57.88
1990M05,32.42,31.72,49.76,9.08,46.04,119.24,37.72,61.18
1990M06,32.03,31.24,49.32,9.39,44.45,115.43,39.6,59.69
1990M07,32.69,31.6,48.48,9.14,45.91,120.54,44.31,64.29
1990M08,33.15,32.16,49.64,9.2,47.24,121.79,43.1,64.99
1990M09,31.83,31.01,47.68,8.9,46.33,115.4,39.26,64.29
1990M10,32.17,31.44,47.83,8.66,48.88,116.59,37.65,65.01
1990M11,33.01,32.44,50.39,9.48,49.11,116.73,36.08,63.23
1990M12,33.79,33.32,51.93,9.45,49.72,124.13,35.46,63.77
1991M01,32.64,32.04,48.64,8.75,49.49,121.2,35.89,62.64
1991M02,26.47,25.94,37.89,7.18,40.6,99.65,29.31,57.75
1991M03,33.51,32.88,49.8,9.48,49.83,122.7,37.1,63
1991M04,32.86,32.21,50.61,9.43,47.41,117.97,37.06,61.69
1991M05,34.86,33.97,52.82,10.11,49.15,125.97,42.64,64.48
1991M06,33.82,32.76,51.33,9.81,46.96,121.44,44.39,63.59
1991M07,35.02,33.79,54.29,10.14,47.1,126.94,48.22,68.16
1991M08,36.11,34.94,55.13,10.28,49.65,132.11,48.04,68.99
1991M09,35.57,34.69,57.33,10,49.99,125.45,43.05,67.5
1991M10,36.74,36.11,59.59,10.29,53.25,128.02,39.97,68.09
1991M11,36.7,36.2,60.05,10.3,52.96,129.21,38,67.53
1991M12,37.84,37.37,62.23,10.44,54,137.22,38.44,67.24
1992M01,36.5,35.92,57.48,9.93,53.46,134.49,38.55,66.9
1992M02,28.55,27.91,43.48,7.72,43.75,100.63,32.39,62.49
1992M03,36.38,35.73,56.46,10.34,54.37,127.09,39.97,65.98
1992M04,36.04,35.42,56.16,10.35,53.45,126.03,39.42,64.71
1992M05,36.74,35.92,59.22,10.52,52.68,126.63,42.83,67.83
1992M06,35.92,34.91,59.25,10.46,49.38,121.51,45.21,68.21
1992M07,36.91,35.6,59.67,10.54,49.9,127.86,50.93,70.56
1992M08,36.61,35.26,59.5,9.94,51.02,126.77,50.74,71.29
1992M09,34.99,33.91,56.82,9.89,49.02,119.26,45.04,70.87
1992M10,36.43,35.59,59.2,10.54,51.16,124.87,42.26,76.07
1992M11,35.48,34.79,58.7,10.29,50.52,119.54,39.12,71.89
1992M12,38.26,37.63,63.56,11.26,54,130.12,40.54,74.02
1993M01,30.63,29.77,47.52,8.22,46.14,106.27,36.47,74
1993M02,34.24,33.61,55.61,10.18,49.56,114.53,37.03,67.19
1993M03,37.83,37.07,61.12,11.53,53.93,125.65,42.04,73.99
1993M04,36.74,35.94,60.06,11.26,51.66,120.4,41.78,71.36
1993M05,37.37,36.26,60.4,11.21,52.33,122.21,47.23,74.42
1993M06,36.69,35.41,59.1,11.25,51.33,115.44,49.42,73.68
1993M07,38.63,37.03,62.22,11.49,52.83,124.51,56.4,78.13
1993M08,38.02,36.4,60.72,11.28,52.9,121.13,56.06,78.23
1993M09,37.55,36.29,58.86,11.7,53.02,119.05,50.07,75.13
1993M10,37.3,36.25,58.47,11.52,53.6,119.42,46.2,76.83
1993M11,36.86,35.93,58.65,11.59,52.64,117.02,44.1,73.77
1993M12,39.92,39.18,63.6,12.47,57.23,130.91,43.89,74.94
1994M01,37.15,36.22,58.04,11.13,53.69,125.75,43.33,73.26
1994M02,30.47,29.62,46.39,9.15,46.55,98.56,36.51,67.21
1994M03,39.81,38.9,62.83,12.71,57.32,127.15,45.52,73.73
1994M04,38.96,37.89,62.95,12.01,55,125.46,48.15,72.86
1994M05,39.62,38.32,63.39,12.55,55.83,123.01,53.14,75.1
1994M06,39.89,38.49,62.38,12.98,56.86,121.06,55.18,76.14
1994M07,39.46,37.83,62.99,12.34,54.5,122.56,58.92,81.05
1994M08,39.21,37.67,60.7,12.48,54.47,124.23,56.62,81.71
1994M09,39.35,38.06,61.97,12.85,54.62,122.7,52.18,82.04
1994M10,40.03,38.84,65.02,12.85,56.93,120.83,50.4,83.83
1994M11,41.51,40.52,67.07,13.81,58.95,124.94,48.03,81.33
1994M12,42.32,41.35,67.37,14.18,58.93,131.84,48.13,82.49
1995M01,39.34,38.34,62.93,12.58,55.95,123.7,45.7,83.17
1995M02,34.47,33.54,52.66,11.72,50.38,103.39,40.72,75.32
1995M03,43.85,42.9,69.67,15.52,60.72,130.48,49.18,80.99
1995M04,40.88,39.8,64.3,13.88,59.13,120.19,49.98,75.72
1995M05,43.67,42.45,70.01,15.12,60.91,127.04,55.61,75.61
1995M06,42.03,40.58,66.22,14.87,57.88,119.65,58.82,71.7
1995M07,41.76,40.01,66.28,14.41,56.24,120.23,62.68,82.7
1995M08,42.11,40.41,64.92,14.83,57.07,122.64,62.33,83.53
1995M09,41.1,39.58,64.7,14.84,55.12,116.26,57.81,80.49
1995M10,40.64,39.22,63.19,14.62,54.55,118.51,55.4,82.73
1995M11,41.23,40.17,64.03,14.99,56.76,120.41,49.54,79.46
1995M12,41.6,40.56,63.15,14.92,58.96,123.21,49.09,79.04
1996M01,41.44,40.37,63.98,14.45,59.46,122.15,53.38,76.2
1996M02,34.68,33.66,52.2,12.16,50.43,101.26,46.08,73.1
1996M03,41.52,40.37,65.38,15.08,57.22,118.11,54.68,76.91
1996M04,41.53,40.44,66.55,14.66,58.48,117.52,53.85,74.86
1996M05,43.2,41.95,69.07,15.36,60.18,121.46,58.99,75.65
1996M06,42,40.27,66.1,14.81,58.19,115.47,66.94,78.17
1996M07,42.97,41.01,65.99,14.86,60.17,120.74,72.03,80.98
1996M08,43.15,41.38,67.49,14.62,60.67,123.6,68.7,82.77
1996M09,42.1,40.39,63.3,15.18,58.95,117.93,66.31,83.64
1996M10,43.76,42.33,65.38,16.46,62.32,119.08,62.36,83.79
1996M11,44.4,43.23,68.66,16.86,62.63,119.16,58.44,77.94
1996M12,46,44.97,74.34,17.18,64.38,122.69,57.15,83.06
1997M01,43.93,42.76,69.98,15.19,63.33,124.75,57.34,82.33
1997M02,35.22,34.14,53.16,12.57,52.61,96.55,47.75,75.36
1997M03,46,44.84,72.64,17.08,64.81,124.81,59.45,69.25
1997M04,44.47,43.21,71.99,16.29,62.84,116.71,59.89,79.6
1997M05,46.28,44.75,75.49,16.75,64.44,121.42,67.01,78.18
1997M06,44.15,42.57,71.58,16.38,60.31,113.87,65.9,79.07
1997M07,46.1,44.18,72.8,17.03,63.46,119.18,74.12,83.95
1997M08,45.68,43.75,71.55,17.05,61.81,119.89,74.33,84.64
1997M09,45.58,43.98,71.14,18.18,60.86,115.03,67.4,84.99
1997M10,48.46,47,77.92,19.78,63.36,118.95,67.43,85.36
1997M11,46.89,45.69,75.12,19.53,61.42,114.31,61.47,83.01
1997M12,50.11,48.96,81.69,20.71,65.6,122.71,62.79,85.78
1998M01,41.05,39.74,63.73,15.4,58.31,107.5,57.3,85.82
1998M02,42.41,41.33,65.42,17.59,57.52,105.45,55.3,79.53
1998M03,47.8,46.57,75.46,19.63,64.22,118.04,62.95,85.11
1998M04,46.98,45.54,74.79,18.42,63.69,118.8,66.44,82.08
1998M05,46.72,44.96,73.68,18.31,63.23,115.69,72.74,79.29
1998M06,46.9,45.09,73.14,19.06,61.52,115.16,73.91,80.18
1998M07,47.56,45.29,73.97,18.85,61.03,119.46,82.53,86.91
1998M08,47.3,45,70.99,19.01,61.96,118.42,82.82,89.13
1998M09,48.13,46.35,71.42,20.7,64.02,114.09,73.51,88.21
1998M10,48.96,47.39,72.94,21.68,65.14,112.41,70.3,91.16
1998M11,48.43,47.13,72.19,21.88,63.89,111.46,64.98,87.54
1998M12,49.4,48.17,77.07,21.27,64.91,118.3,64.28,89.27
1999M01,47.76,46.38,73.63,19.73,61.69,120.74,64.47,86.17
1999M02,39.5,38.18,58.07,16.87,53.44,94.21,55.57,81.36
1999M03,51.22,49.88,77.81,22.8,67.23,118.83,67.03,85.31
1999M04,50.81,49.48,77.31,21.63,69.57,118.88,66.72,84.81
1999M05,51.56,49.99,77.44,22.1,71.92,115.94,72.87,86.82
1999M06,51.17,49.34,75.55,22.98,66.36,117.55,78.68,87.47
1999M07,51.55,49.49,77.04,22.52,67.09,118.04,83.83,90.03
1999M08,51.43,49.38,72.82,23.15,68.11,118.5,83.58,92.15
1999M09,47.57,45.87,69.03,21.67,62.7,107.15,72.03,91.96
1999M10,52.88,51.39,75.74,25.17,69.96,117.23,72.48,92.25
1999M11,53.38,52.05,75.48,26.25,70.96,115.22,68.64,93.75
1999M12,54.6,53.32,81.09,26.27,70.01,120.93,68.2,95.52
2000M01,52.57,51.16,76.21,24.52,66.82,125.41,68.92,95.59
2000M02,43.26,41.86,59.8,20.69,59.13,93.34,61.01,90.13
2000M03,56.25,54.97,81.32,27.49,72.51,125.45,70.1,95.15
2000M04,52.78,51.42,76.84,25.71,67.76,116.07,68.6,94.81
2000M05,56,54.4,81.68,27.63,70.27,121.74,77.86,97.15
2000M06,55.79,53.9,80.31,28.61,68.14,115.67,84.01,102.41
2000M07,55.03,52.87,77.34,27.63,67.88,117.45,88.78,108.25
2000M08,55.93,53.92,76.67,28.41,71,118.92,85.95,107.47
2000M09,56.03,54.34,76.77,29.54,70.48,116.06,79.26,105.63
2000M10,56.69,54.93,76.4,30.35,72.08,114.36,80.29,108.92
2000M11,55.02,53.53,74.22,28.93,71.79,113.42,73.01,104.74
2000M12,54.89,53.35,77.3,26.89,72.35,119.23,72.46,107.54
2001M01,46.65,44.98,59.78,22.19,65.98,104.56,67.62,106.62
2001M02,48.79,47.39,65.38,24,67.71,104.41,65.57,96.56
2001M03,54.17,52.61,73.69,26.37,75.29,115.33,72.64,106.9
2001M04,49.33,47.73,68.03,22.72,70.29,107.01,69.28,103.85
2001M05,51.36,49.39,69.87,23.33,74.41,109.49,80.22,105.06
2001M06,48.49,46.24,64.62,21.88,69.63,103.99,84,102.99
2001M07,48.19,45.73,64.24,21.29,68.62,105.31,88.46,105.22
2001M08,51.12,48.61,65.85,23.03,73.51,112.91,92.2,106.4
2001M09,46.99,45.04,61.19,21.67,69.63,98.25,76.86,100.46
2001M10,51.75,49.92,66.26,25.24,75.3,106.79,77.59,104.14
2001M11,50.01,48.37,65.78,25.16,69.11,103.4,71.24,102.11
2001M12,49.48,47.76,64.85,23.65,70.02,107.5,71.28,103.85
2002M01,51.08,49.36,66.67,24.62,74.25,106.12,72.91,104.1
2002M02,42.05,40.48,52.43,21,61.91,83.44,62.99,93.16
2002M03,54.49,52.83,71.69,27.69,78.23,105.48,75.93,102
2002M04,54.58,52.9,71.2,27.96,78.31,105.32,77.01,98.61
2002M05,57,55.24,76.71,29.18,80.22,108.32,82.96,93.73
2002M06,53.62,51.61,71.44,27.88,73.8,99.62,85.87,91.79
2002M07,55.81,53.51,74.85,28.01,78.33,104.54,93.07,97.56
2002M08,55.97,53.63,73.95,27.18,81.21,107.92,93.53,100.18
2002M09,54.22,52.3,71.86,27.66,77.05,101.6,82.84,98.09
2002M10,56.89,55.04,75.72,29.39,81.71,103.26,82.77,101.43
2002M11,55.49,53.91,74.74,29.21,78.03,101.07,75.1,97.68
2002M12,55.81,54.22,78.15,28.45,77.77,104.11,75.66,101.29
2003M01,56.84,55.24,76,28.93,81.7,108.74,76.45,102.26
2003M02,47.56,46.05,60.08,25.94,69.41,80.6,67.38,92.13
2003M03,57.73,56.14,77.73,31.02,79.34,105.26,76.87,100.08
2003M04,57.11,55.49,77.19,30.81,78.73,101.47,78.53,98.2
2003M05,57.81,55.98,75.64,30.65,83.58,101.17,83.91,102.11
2003M06,56.56,54.6,73.21,30,83.49,94.87,85.89,98.25
2003M07,60.31,57.88,77.04,31.32,88.69,104.9,99.93,104.78
2003M08,60.1,57.76,73.84,32.21,88.9,102.7,97.69,104.31
2003M09,59.58,57.6,74.82,33.98,82.86,98.44,89.18,102.02
2003M10,63.89,62.26,81.37,37.04,89.33,103.66,85.24,102.39
2003M11,61.96,60.47,77.67,36.44,87.21,98.93,80.07,98.9
2003M12,66.54,65.22,87.53,37.28,95.44,111.2,80.67,99.97
2004M01,56.99,55.39,79.9,26.89,87.19,93.46,78.16,99.53
2004M02,60.73,59.24,87.68,29.62,89.44,96.75,76.37,91.43
2004M03,67.11,65.59,98.64,32.43,98.07,106.7,82.57,98.93
2004M04,65.03,63.53,97,31.51,92.75,103.45,80.74,96.96
2004M05,66.21,64.43,97.64,32.11,95,104.15,93.07,102.47
2004M06,65.04,63.28,96.29,32.08,91.23,102.27,92.9,100.5
2004M07,65.15,63.27,97.35,31.45,91.42,102.45,97.62,101.85
2004M08,64.49,62.61,92.76,31.37,94.83,100.95,97.72,102.99
2004M09,64.53,62.84,95.18,32.19,91.67,98.69,89.82,100.36
2004M10,65.9,64.34,96.12,33.58,95.4,98.24,83.46,104.15
2004M11,65.43,63.92,95.32,34.19,92.08,98.83,81.06,100.38
2004M12,66.07,64.53,98.79,33.14,91.07,104.05,81.82,102.44
2005M01,65.52,63.89,96.18,32.81,92.04,103.77,84.79,103.1
2005M02,53.47,52.01,75.35,28.06,80.06,75.07,73.67,93.06
2005M03,68.24,66.66,101.79,34.74,95.72,102.4,85.57,101.68
2005M04,66.07,64.5,96.21,34.53,92.19,100.64,85.45,98.88
2005M05,66.57,64.86,97.69,35.12,92.21,97.69,94.34,96.53
2005M06,66.54,64.75,95.68,36.77,90.3,96.35,96.15,100.23
2005M07,65.25,63.35,89.78,36.53,90.52,96.97,101.5,102.57
2005M08,68.41,66.53,90.91,39.91,95.13,102.17,101.77,103.21
2005M09,67.94,66.26,90.81,40.74,93.2,98.57,93.22,100.87
2005M10,69.49,67.84,92.26,42.16,96.96,97.47,91.85,103.59
2005M11,69.16,67.66,92.06,42.63,94.26,98.61,84.9,100.96
2005M12,70.28,68.73,95.9,42.77,93.16,101.77,85.9,103.46
2006M01,66.98,65.42,90.55,39.99,90.96,98.3,85.46,104.45
2006M02,61.02,59.62,81.94,38.71,82.73,79.17,76.28,93.05
2006M03,72.71,71.21,103.04,44.25,94.3,100.36,85.62,103.53
2006M04,69.41,67.87,95.5,42.56,93.28,94.09,87.4,100.99
2006M05,71.53,69.84,97.88,43.13,97.67,98.41,94.94,104.65
2006M06,69.83,68.09,95.92,42.16,93.95,96.37,97.42,102.54
2006M07,69.74,67.79,95.16,42.67,91.42,96.94,106.33,107.03
2006M08,71.9,69.96,95.97,45.45,93.6,99.74,106.59,107.26
2006M09,70.05,68.34,92.99,45.98,89.21,94.93,95.61,103.84
2006M10,70.16,68.5,92.84,46.42,88.61,95.83,92.66,107.11
2006M11,70.04,68.49,92.06,45.59,92.02,95.81,87.78,102.79
2006M12,69.34,67.71,95.19,42.1,92.03,98.01,89.94,105.13
2007M01,71.26,69.65,97.51,43.97,93.25,100.86,90.75,105.64
2007M02,57.89,56.45,75.54,36.68,80.28,76.25,77.2,95.57
2007M03,73.3,71.72,100.12,46.13,96.34,99.38,90.33,104.57
2007M04,72.29,70.76,97.33,46.69,96.32,93.02,88.79,100.66
2007M05,76.89,75.19,101.27,51.12,100.65,99.57,98.83,105.22
2007M06,75.04,73.27,94.87,52.27,98.04,93.69,101.84,102.68
2007M07,78.33,76.4,98.86,54.54,102.47,97.13,110.68,107.72
2007M08,78.8,76.98,95.96,56.18,103.57,100.15,105.77,106.17
2007M09,75.58,73.92,90.3,56.75,97.09,90.16,97.41,103.53
2007M10,81.96,80.4,100.07,61.63,103.28,98.17,96.02,106.15
2007M11,79.48,78.05,97.2,59.6,100.97,95.11,88.46,102.64
2007M12,79.33,77.81,98.93,58.01,101.37,95.77,92.44,105.18
2008M01,80.34,78.8,99.95,57.62,103.19,102.89,93.2,105.19
2008M02,68.04,66.55,81.84,50.85,90.39,75.57,84.92,96.68
2008M03,80.79,79.29,100.15,60.83,101.31,93.9,91.71,103.77
2008M04,80.69,79.25,101.28,60.17,101.02,94.62,90.39,100.89
2008M05,81.72,80.14,101.65,60.41,105.11,94.4,96.91,104.2
2008M06,79.31,77.66,97.29,59.82,101.4,88.59,99.55,100.54
2008M07,80.74,78.98,95.08,62.61,100.87,94.84,105.01,104.21
2008M08,80.5,78.7,93.21,65.89,94.14,91.45,106.5,104.3
2008M09,75.72,74.09,86.27,65.14,81.76,86.13,96.76,100.34
2008M10,71.6,69.94,83.92,58.17,79.68,88.24,94.74,103.12
2008M11,57.79,56.29,69.3,42.31,69.73,80.19,79.86,99.61
2008M12,54.53,53.01,68.69,33.86,72.22,86.9,77.11,100.57
2009M01,45.53,43,51.71,27.17,74.58,69.2,81.15,98.67
2009M02,49.42,47.39,60.69,30.66,78.25,70.05,77.91,90.88
2009M03,59.26,57.45,67.75,40.5,91.01,80.6,83.83,100.32
2009M04,64.06,62.5,68.29,48.32,93.56,78.63,85.4,97.21
2009M05,67.25,65.57,67.72,53.29,93.42,81.12,90.46,102.45
2009M06,71.27,69.46,74.19,56.94,96.12,82.2,97.2,99.34
2009M07,75.13,73.26,78.19,61.02,98.16,85.54,102.3,103.98
2009M08,74.21,72.19,70.88,62.67,95.87,81.08,103.97,101.36
2009M09,77.44,75.91,79.75,65.56,96.48,84.1,99.46,99.93
2009M10,78.52,77.44,82.42,67.57,95.17,84.49,93.04,102.4
2009M11,78.44,77.97,82.63,68.29,94.96,85.48,82.78,98.15
2009M12,83.13,82.51,92.52,68.84,102.21,100.96,89.35,101.09
2010M01,80.06,79.22,88.42,66.89,102.18,84.67,90.26,101.1
2010M02,70.6,69.69,70.29,62.37,88.3,68.41,82.53,90.41
2010M03,86.28,85.7,94.34,74.81,103,90.44,92.87,101.23
2010M04,87.05,86.86,93.65,77.04,103.51,88.89,87.27,97.81
2010M05,89.11,88.52,93.76,78.84,107.43,88.44,96.17,102.64
2010M06,90.34,89.73,95.59,80.97,104.7,88.37,98.13,99.46
2010M07,92.88,91.83,98.68,82.55,105.23,94.42,107.89,104.53
2010M08,90.45,89.31,97.18,80.36,99.62,93.55,106.56,104.69
2010M09,87.29,86.41,96.48,77.01,94.77,93.46,99.15,101.46
2010M10,88.88,88.32,100.37,77.3,99.92,96.22,95.16,104.59
2010M11,92.33,92.37,100.69,83.69,99.39,98.75,89.19,100.42
2010M12,95.81,95.92,112.2,83.51,103.73,109.44,91.04,103.46
2011M01,92.7,92.34,101.1,82.23,105.04,98.68,95.79,103.39
2011M02,78.93,78.49,82.57,73.33,89.87,68.17,83.7,92.37
2011M03,96.51,96.5,109.79,86.7,106.44,95.53,94.42,101.88
2011M04,92.21,92.28,100.32,84.66,101.34,91.68,88.81,99.05
2011M05,94.76,94.69,101.06,88.28,100.71,96.3,93.6,101.12
2011M06,92.73,92.03,101.26,85.22,96.12,93.96,102.21,100.53
2011M07,93.64,92.69,102.92,84.88,97.78,96.58,107.16,104.38
2011M08,91.67,90.69,103.51,82.61,92.47,97.58,105.52,104.27
2011M09,86.27,85.33,98.89,75.98,90.73,91.84,99.21,101
2011M10,89.04,88.4,99.84,78.91,96.22,95.24,96.94,103.59
2011M11,85.36,84.68,96.16,73.7,94.76,96.89,93.61,99.76
2011M12,85.07,84.34,102.2,70.86,93.49,99.78,93.52,102.8
2012M01,77.99,76.82,81.79,68.16,89.23,83.15,93.45,101.95
2012M02,84.02,83.44,94.18,72.09,96.92,87.86,91.45,93.91
2012M03,94.45,94.2,105.17,83.81,104.74,99.72,96.34,102.52
2012M04,91.32,91.35,99.65,83.07,100.8,94.47,88.68,98.62
2012M05,94.43,94.41,104.2,86.25,101.23,99.26,92.7,102.36
2012M06,89.2,88.56,98.79,82.57,90.92,90.99,97.48,99.62
2012M07,93.65,92.61,99.02,86.32,98.22,98.36,108.41,103.42
2012M08,94.5,93.59,98.17,87.81,99.94,99.31,107.48,102.33
2012M09,90.74,90.02,92.48,85.84,95.84,93.48,100.24,99.83
2012M10,93.18,92.85,99.06,85.77,101.44,96.53,96.24,102.96
2012M11,91.43,91.38,97.44,84.64,99.35,95.02,89.87,98.58
2012M12,89.61,89.22,98.69,79.54,99.23,95.81,92.58,100.81
2013M01,93.64,93.4,101.55,82.44,105.41,104.62,95.99,101.59
2013M02,76.93,76.54,76.76,71.49,89.18,74.37,80.79,92.57
2013M03,94.22,94.19,102.48,85.38,105.09,96.78,93.08,103.5
2013M04,92.2,92.07,97.6,86.91,98.04,93.46,92.81,98.97
2013M05,96.79,96.29,99.5,92.59,100.26,100.15,103.21,103.3
2013M06,93.46,92.82,95.62,90.21,95.19,95.54,101.9,101.64
2013M07,98.63,97.9,102.38,92.77,103.97,101.44,108.66,105.65
2013M08,96.77,95.84,99.9,91.6,100.66,98.54,109.7,104.86
2013M09,92.71,91.95,93.51,90.25,94.37,92.87,103.04,99.8
2013M10,95.15,94.79,100.58,90.25,98.43,97.68,99.32,101.82
2013M11,92.99,93.03,100.12,86.49,99.92,95.8,90.67,99.08
2013M12,96.2,96.35,105.24,88.46,105.01,97.91,92.17,102.73
2014M01,92.2,92.09,97.94,83.45,102.62,99.92,92.5,103
2014M02,82.69,82.52,86.25,77.83,92.56,76.04,84.38,90.26
2014M03,97.27,97.45,104.23,92.33,102.73,97.65,94.12,101.22
2014M04,96.48,96.85,104.39,93.11,98.24,97.31,90.83,98.97
2014M05,100.62,100.41,107.61,98.13,100.11,98.22,103.26,103.01
2014M06,100.23,99.75,105.11,98.07,100.53,96.15,106.59,102.47
2014M07,104.14,103.31,109.21,99.16,106.7,104.95,115.56,106.03
2014M08,103.94,103.37,103.82,103.03,104.57,102.84,111.88,105.54
2014M09,102.42,102.25,103.6,105.74,97.26,94.71,104.78,102.5
2014M10,105.34,105.83,108.36,107.33,102.77,101.4,98.41,104.53
2014M11,101.23,101.81,103.53,104.29,98.07,95.72,93.08,100.49
2014M12,104.94,105.76,114.25,104.33,100.8,107.37,93.46,103.84
2015M01,102.39,103.17,106.99,103.08,101.23,101.15,91.88,103.32
2015M02,85.39,85.81,82.97,87.21,89.69,77.33,79.23,92.01
2015M03,104.91,105.93,110.81,105.73,104.74,100.59,92.02,98.21
2015M04,99.52,100.3,104.14,98.95,101.9,96.54,89.94,93.02
2015M05,100.37,100.53,104.68,97.67,105.78,95.28,98.46,98.46
2015M06,100.44,99.86,105.06,97.17,102.06,98.44,108.1,99.85
2015M07,101.16,100.5,108.01,96.34,102.1,102.75,109.65,103.11
2015M08,96.97,96.13,97.07,95.08,96.99,98.66,107.63,102.35
2015M09,96.57,96.2,96.56,95.3,98.14,96.85,101.33,98.47
2015M10,97.93,97.65,98.6,95.55,100.54,100.86,101.3,101.95
2015M11,93.4,93.48,94.89,90.81,95.76,99.88,91.85,98.25
2015M12,97.38,97.98,99.8,93.69,102.73,106.09,88.67,105.01
2016M01,93.36,93.41,98.31,88.52,98.79,98.44,91.94,100.93
2016M02,78.78,78.35,78.18,75.6,88.44,73.76,82.72,94.01
2016M03,100.24,100.58,107.74,96.26,104.49,100.81,96.18,99.06
2016M04,93.92,93.69,98.76,90.22,97.6,93.84,96.48,97.08
2016M05,100.43,100.1,105.47,96.45,103.79,101.01,104.73,100.12
2016M06,102.05,101.61,104.06,101.33,101.19,98.78,108.01,97.69
2016M07,102.07,101.14,101.62,100.37,103.52,99.61,113.78,101.32
2016M08,105.48,105.03,102.59,105.72,103.01,110.17,111.42,103.86
2016M09,104.43,104.75,91.61,115.51,94.36,95.65,101.03,99.98
2016M10,104.73,104.57,100.17,108.38,99.04,104.24,106.99,103.6
2016M11,107.3,108.42,103.67,112.79,100.89,109.71,94.14,99.01
2016M12,107.17,108.39,107.82,108.81,104.83,114.02,92.57,103.32
2017M01,99.24,99.99,94.79,102.04,99.39,101.04,89.75,101.91
2017M02,92.11,92.87,88.29,95.68,90.54,92.03,82.82,90.88
2017M03,108.82,110.09,111.49,110.11,104.5,117.48,93.8,101.26
2017M04,94.83,94.91,99.58,91.74,93.47,104.33,93.82,97.68
2017M05,103.75,103.62,104.53,101.51,102.29,115.03,105.34,104.95
2017M06,107.46,107.13,108.15,108.33,105.15,102.61,112.44,100.39
2017M07,104.39,103.36,104.49,104.2,104.71,94.33,117.41,104.6
2017M08,111.51,110.9,108.78,113.17,108.17,108.66,119.84,105.11
2017M09,109.74,109.6,105.01,115.98,99.74,104.58,112.46,100.82
2017M10,107.54,107.65,100.91,115.8,98.09,97.39,106.69,103.72
2017M11,109.05,110.1,109.43,115.52,99.61,103.23,97.08,98.92
2017M12,111.67,113.06,109.94,119.76,102.82,104.13,95.18,105.32
2018M01,108.57,109.53,110.62,109.86,108.47,106,97.07,103.9
2018M02,87.75,88.02,80.89,92.47,89.61,77.32,84.29,92.72
2018M03,115.24,116.77,115.49,122.74,106.58,109.6,96.89,103.68
2018M04,102.75,103.33,101.88,107.41,97.55,96.85,95.94,100.47
2018M05,111.41,111.47,114.43,112.31,105.54,111.33,111.46,106.08
2018M06,107.45,107.44,109.18,109.2,101.26,105.96,108.66,101.88
2018M07,109.29,108.86,109.99,109.51,106,107.36,115.71,103.97
2018M08,112.75,112.65,109.44,115.9,107.38,112.77,115.34,104.4
2018M09,111.57,111.83,101.99,123.12,99.76,101.25,109.75,100.59
2018M10,116.97,118.21,109.2,129.18,104.44,110.68,102.92,99.88
2018M11,111.85,113.12,106.64,119.97,104.13,110.38,97.44,95.73
2018M12,110.49,111.68,105.79,119.12,100.43,109.46,96.02,103.43
2019M01,107.2,108.05,107.58,107.09,105.54,115.13,97.03,102.1
2019M02,85.61,85.84,79.94,88.24,88.93,77.86,82.55,91.53
2019M03,104.24,104.81,103.37,107.57,99.49,103.2,97.55,100.98
2019M04,103.68,104.05,102.24,106.55,99.3,103.22,99.7,100.3
2019M05,108.55,108.62,104.88,110.42,107.87,106.26,108.61,103.64
2019M06,106.69,106.32,98.43,113.46,100.63,99.18,112.25,102.11
2019M07,113.73,113.36,104.37,120.27,107.33,109.99,120.13,104.25
2019M08,115.64,115.39,98.23,130.27,103,106.65,120.73,103.52
2019M09,110.89,111.31,93.84,129.95,93.33,98.2,106.99,100.99
2019M10,113.95,114.69,99.61,130.01,98.07,108.66,106,103.87
2019M11,114.06,115.51,97.41,133.02,98.07,107.64,96.94,101.43
2019M12,117.44,119.12,104,134.06,102.2,115.43,96.99,106.24
2020M01,105.55,106.63,86.78,123.71,97.48,89.88,92.74,103.4
2020M02,103.74,104.79,93.22,116.65,94.97,93.76,91.83,94.95
2020M03,116.58,118.1,103.89,136.64,97.95,104,99.46,102.89
2020M04,108.03,109.23,92.96,128.52,90.6,93.87,94.22,100.12
2020M05,110.37,110.68,89.69,133.19,89.74,96.19,107.49,103.54
2020M06,114.3,114.45,92.63,139.43,90.54,96.93,113.98,102.02
2020M07,117.07,116.8,96.41,137.73,96.65,105.86,121.85,105.82
2020M08,120.3,120.69,95.15,148.9,92.18,106.15,117.4,105
2020M09,123.82,125.03,101.6,153.19,95.76,107.47,111.45,102.05
2020M10,121.28,122.59,101.04,148.63,96.71,103.55,107.06,106.61
2020M11,122.84,124.78,105.7,149.41,99.28,105.49,101.4,103.42
2020M12,129.49,131.99,119.24,155.36,102,112.98,101.25,106.96
2021M01,126.3,128.67,112.35,151.97,103.03,109.24,100.38,104.19
2021M02,106.79,108.71,89.62,133.95,85.94,83.54,85.42,93.48
2021M03,136.1,139.31,119.98,168.97,106.21,114.25,101.49,101.79
2021M04,123.6,125.76,111.84,147.86,100.02,106.46,100.68,95.21
2021M05,129.48,130.74,115.63,153.06,105.8,111.26,117.22,98.69
2021M06,135.12,137.11,116.14,167.64,103.63,112.86,115.04,97.54
2021M07,134.42,135.49,118.92,160.9,106.97,113.18,124.4,104.65
2021M08,136.61,138.05,116.56,168.4,105.56,113.67,122.55,104.61
2021M09,138.8,140.78,113.59,179.04,101.48,109.66,119.09,101.2
2021M10,135.64,137.46,114.44,170.62,100.67,113.3,117.34,102.79
2021M11,137.06,140.18,116.15,175.07,101.93,113.78,103.95,97.99
2021M12,140.79,144.1,120.27,179.73,104.6,116.5,105.14,103.48
2022M01,137.17,140.34,111.64,177.88,104.51,111.1,101.4,104.85
2022M02,116.99,119.18,92.69,155.26,88.38,83.52,93.24,90.68
2022M03,140.04,143.1,122.96,179.14,99.41,115.35,106.58,99.55
